Diff in /Users/inou/dev/rust/nrgize-rs/src/audit.rs:27:
 }
 
 impl AuditEntry {
-    pub fn new(command: &str, file: &str, target: Option<&str>, args: &[String], outcome: String) -> Self {
+    pub fn new(
+        command: &str,
+        file: &str,
+        target: Option<&str>,
+        args: &[String],
+        outcome: String,
+    ) -> Self {
         AuditEntry {
             ts: now_iso(),
             user: current_user(),
Diff in /Users/inou/dev/rust/nrgize-rs/src/audit.rs:55:
     if fs::create_dir_all(&dir).is_err() {
         return;
     }
-    let Ok(json) = serde_json::to_string(entry) else { return };
+    let Ok(json) = serde_json::to_string(entry) else {
+        return;
+    };
     let path = audit_path(root);
     let mut opts = OpenOptions::new();
     opts.create(true).append(true);
Diff in /Users/inou/dev/rust/nrgize-rs/src/audit.rs:148:
     #[test]
     fn append_then_read_all_round_trips_in_order() {
         let tmp = tempfile::tempdir().unwrap();
-        let e1 = AuditEntry::new("run", "Energize.rhai", Some("deploy"), &["v42".to_string()], "success".to_string());
+        let e1 = AuditEntry::new(
+            "run",
+            "Energize.rhai",
+            Some("deploy"),
+            &["v42".to_string()],
+            "success".to_string(),
+        );
         append(tmp.path(), &e1);
-        let e2 = AuditEntry::new("exec", "Energize.rhai", None, &[], "failed: boom".to_string());
+        let e2 = AuditEntry::new(
+            "exec",
+            "Energize.rhai",
+            None,
+            &[],
+            "failed: boom".to_string(),
+        );
         append(tmp.path(), &e2);
 
         let entries = read_all(tmp.path());
Diff in /Users/inou/dev/rust/nrgize-rs/src/cli/app.rs:75:
         return 1;
     }
 
-    let container_cmd = store.get("nrg.runtime.cmd").unwrap_or_else(|| "docker".to_string());
+    let container_cmd = store
+        .get("nrg.runtime.cmd")
+        .unwrap_or_else(|| "docker".to_string());
     let container = format!("{}-web", args.service);
     let remote_cmd = build_remote_cmd(&container_cmd, &container, &args.cmd, args.interactive);
 
Diff in /Users/inou/dev/rust/nrgize-rs/src/cli/app.rs:94:
     } else {
         // Say "resolves to", not "on" — this hint may be missing Port/ProxyJump/IdentityFile
         // that ssh's own, fuller config parsing will still apply on the real connection below.
-        eprintln!("Connecting to {container} on {host} (resolves to {display_host} per ~/.ssh/config)...");
+        eprintln!(
+            "Connecting to {container} on {host} (resolves to {display_host} per ~/.ssh/config)..."
+        );
     }
 
     // Replace the current process with ssh (same pattern as `nrg ssh`): when ssh exits, its exit
Diff in /Users/inou/dev/rust/nrgize-rs/src/cli/app.rs:126:
     } else {
         vec!["-o", "BatchMode=yes"]
     };
-    args.extend(["-o", "ServerAliveInterval=15", "-o", "ServerAliveCountMax=4"]);
+    args.extend([
+        "-o",
+        "ServerAliveInterval=15",
+        "-o",
+        "ServerAliveCountMax=4",
+    ]);
     args
 }
 
Diff in /Users/inou/dev/rust/nrgize-rs/src/cli/app.rs:139:
     }
     match recorded {
         [] => Err(
-            "no hosts recorded for this service (has it been deployed?); pass --host explicitly".to_string(),
+            "no hosts recorded for this service (has it been deployed?); pass --host explicitly"
+                .to_string(),
         ),
         [only] => Ok(only.clone()),
         many => Err(format!(
Diff in /Users/inou/dev/rust/nrgize-rs/src/cli/app.rs:153:
 /// Build the remote `docker exec` (or configured runtime) invocation. `interactive` adds `-it`
 /// (matching the `-t` added to the outer `ssh` call) so a real shell/console gets a working TTY;
 /// without it, the command runs to completion and its exit code propagates normally.
-fn build_remote_cmd(container_cmd: &str, container: &str, cmd_args: &[String], interactive: bool) -> String {
+fn build_remote_cmd(
+    container_cmd: &str,
+    container: &str,
+    cmd_args: &[String],
+    interactive: bool,
+) -> String {
     let exec_flags = if interactive { "exec -it" } else { "exec" };
-    let mut parts = vec![container_cmd.to_string(), exec_flags.to_string(), posix_quote(container)];
+    let mut parts = vec![
+        container_cmd.to_string(),
+        exec_flags.to_string(),
+        posix_quote(container),
+    ];
     if cmd_args.is_empty() {
         parts.push("sh".to_string());
     } else {
Diff in /Users/inou/dev/rust/nrgize-rs/src/cli/app.rs:172:
     fn ssh_extra_args_interactive_requests_a_tty() {
         assert_eq!(
             ssh_extra_args(true),
-            vec!["-t", "-o", "ServerAliveInterval=15", "-o", "ServerAliveCountMax=4"]
+            vec![
+                "-t",
+                "-o",
+                "ServerAliveInterval=15",
+                "-o",
+                "ServerAliveCountMax=4"
+            ]
         );
     }
 
Diff in /Users/inou/dev/rust/nrgize-rs/src/cli/app.rs:214:
 
     #[test]
     fn build_remote_cmd_defaults_to_sh_non_interactive() {
-        assert_eq!(build_remote_cmd("docker", "app-web", &[], false), "docker exec 'app-web' sh");
+        assert_eq!(
+            build_remote_cmd("docker", "app-web", &[], false),
+            "docker exec 'app-web' sh"
+        );
     }
 
     #[test]
Diff in /Users/inou/dev/rust/nrgize-rs/src/cli/app.rs:221:
     fn build_remote_cmd_interactive_adds_it_flag() {
-        assert_eq!(build_remote_cmd("docker", "app-web", &[], true), "docker exec -it 'app-web' sh");
+        assert_eq!(
+            build_remote_cmd("docker", "app-web", &[], true),
+            "docker exec -it 'app-web' sh"
+        );
     }
 
     #[test]
Diff in /Users/inou/dev/rust/nrgize-rs/src/cli/audit.rs:36:
         return 0;
     }
 
-    let shown = if args.limit == 0 { entries.len() } else { args.limit.min(entries.len()) };
+    let shown = if args.limit == 0 {
+        entries.len()
+    } else {
+        args.limit.min(entries.len())
+    };
     for entry in &entries[..shown] {
         print_entry(entry);
     }
Diff in /Users/inou/dev/rust/nrgize-rs/src/cli/audit.rs:43:
     if shown < entries.len() {
-        println!("... {} more (raise --limit to see them)", entries.len() - shown);
+        println!(
+            "... {} more (raise --limit to see them)",
+            entries.len() - shown
+        );
     }
     0
 }
Diff in /Users/inou/dev/rust/nrgize-rs/src/cli/audit.rs:123:
     #[test]
     fn display_safe_escapes_control_sequences_used_to_forge_entries() {
         // The exploit shape: CR + erase-line, then a fabricated "success" entry.
-        let forged = "failed: boom\r\u{1b}[2K2026-07-25T10:00:00Z  alice@web1  run deploy v9  success";
+        let forged =
+            "failed: boom\r\u{1b}[2K2026-07-25T10:00:00Z  alice@web1  run deploy v9  success";
         let safe = display_safe(forged);
         assert!(!safe.contains('\r'), "CR must not survive: {safe:?}");
         assert!(!safe.contains('\u{1b}'), "ESC must not survive: {safe:?}");
Diff in /Users/inou/dev/rust/nrgize-rs/src/cli/doctor.rs:136:
 
 /// Pass if any tool in the group is available; otherwise fail and flip `all_ok`.
 fn check_group(all_ok: &mut bool, label: &str, tools: &[&str]) {
-    let found: Vec<&str> = tools.iter().copied().filter(|t| tool_available(t)).collect();
+    let found: Vec<&str> = tools
+        .iter()
+        .copied()
+        .filter(|t| tool_available(t))
+        .collect();
     if found.is_empty() {
-        check_fail(&format!("{}: none of {} found on PATH", label, tools.join("/")));
+        check_fail(&format!(
+            "{}: none of {} found on PATH",
+            label,
+            tools.join("/")
+        ));
         *all_ok = false;
     } else {
         check_pass(&format!("{}: {} found", label, found.join(", ")));
Diff in /Users/inou/dev/rust/nrgize-rs/src/cli/doctor.rs:168:
 /// which touch real process CWD and disk) — this is the part of `resolve_hosts` actually worth
 /// unit-testing directly.
 fn hosts_from_store(store: &StateStore) -> Vec<String> {
-    let mut hosts: Vec<String> = store.services().iter().flat_map(|s| store.hosts_for(s)).collect();
+    let mut hosts: Vec<String> = store
+        .services()
+        .iter()
+        .flat_map(|s| store.hosts_for(s))
+        .collect();
     hosts.sort();
     hosts.dedup();
     hosts
Diff in /Users/inou/dev/rust/nrgize-rs/src/cli/doctor.rs:183:
 /// file on that path. Opus review: an earlier version silently swallowed this into an empty map,
 /// which both hid the corruption AND silently disabled the whole registry check with `--host`.
 fn images_by_host(hosts: &[String]) -> Result<HashMap<String, Vec<String>>, String> {
-    let Ok(root) = state::find_project_root() else { return Ok(HashMap::new()) };
+    let Ok(root) = state::find_project_root() else {
+        return Ok(HashMap::new());
+    };
     let store = StateStore::load(&root)?;
     Ok(images_by_host_from_store(&store, hosts))
 }
Diff in /Users/inou/dev/rust/nrgize-rs/src/cli/doctor.rs:194:
 fn images_by_host_from_store(store: &StateStore, hosts: &[String]) -> HashMap<String, Vec<String>> {
     let mut map: HashMap<String, Vec<String>> = HashMap::new();
     for service in store.services() {
-        let Some(image) = store.get(&format!("{service}.image")) else { continue };
+        let Some(image) = store.get(&format!("{service}.image")) else {
+            continue;
+        };
         if image.trim().is_empty() {
             continue;
         }
Diff in /Users/inou/dev/rust/nrgize-rs/src/cli/doctor.rs:266:
 fn probe_host(runner: &dyn CommandRunner, host: &str, images: &[String]) -> HostCheck {
     let ssh = runner.run_ssh(host, "true");
     if ssh.exit_code != 0 {
-        return HostCheck { host: host.to_string(), reachable: false, runtime: None, registry: Vec::new() };
+        return HostCheck {
+            host: host.to_string(),
+            reachable: false,
+            runtime: None,
+            registry: Vec::new(),
+        };
     }
-    let rt = runner.run_ssh(host, "command -v docker || command -v podman || command -v nerdctl");
+    let rt = runner.run_ssh(
+        host,
+        "command -v docker || command -v podman || command -v nerdctl",
+    );
     // The FIRST non-empty line, not just the first line: a non-interactive login shell can
     // print unrelated banner/profile output (e.g. a sourced .zshenv) ahead of the real path, and
     // taking only rt.stdout.lines().next() would either report that noise as the "runtime" or,
Diff in /Users/inou/dev/rust/nrgize-rs/src/cli/doctor.rs:275:
     // if that noise line happens to be blank, miss the real path entirely (same pattern as
     // status.rs's probe_container output parsing).
     let runtime = if rt.exit_code == 0 {
-        rt.stdout.lines().map(str::trim).find(|l| !l.is_empty()).map(str::to_string)
+        rt.stdout
+            .lines()
+            .map(str::trim)
+            .find(|l| !l.is_empty())
+            .map(str::to_string)
     } else {
         None
     };
Diff in /Users/inou/dev/rust/nrgize-rs/src/cli/doctor.rs:282:
 
-    let looks_like_docker = runtime.as_deref().is_some_and(|r| r.to_lowercase().contains("docker"));
+    let looks_like_docker = runtime
+        .as_deref()
+        .is_some_and(|r| r.to_lowercase().contains("docker"));
     let registry = if looks_like_docker {
         images
             .iter()
Diff in /Users/inou/dev/rust/nrgize-rs/src/cli/doctor.rs:287:
             .map(|image| {
-                let out = runner.run_ssh(host, &format!("docker manifest inspect {}", posix_quote(image)));
+                let out = runner.run_ssh(
+                    host,
+                    &format!("docker manifest inspect {}", posix_quote(image)),
+                );
                 if out.exit_code == 0 {
-                    RegistryCheck { image: image.clone(), ok: true, reason: None }
+                    RegistryCheck {
+                        image: image.clone(),
+                        ok: true,
+                        reason: None,
+                    }
                 } else {
                     let combined = format!("{}\n{}", out.stdout, out.stderr);
                     RegistryCheck {
Diff in /Users/inou/dev/rust/nrgize-rs/src/cli/doctor.rs:302:
         Vec::new()
     };
 
-    HostCheck { host: host.to_string(), reachable: true, runtime, registry }
+    HostCheck {
+        host: host.to_string(),
+        reachable: true,
+        runtime,
+        registry,
+    }
 }
 
 /// The first non-blank line of `s`, or `fallback` — the same idiom `nrg setup`/`nrg remove`/`nrg
Diff in /Users/inou/dev/rust/nrgize-rs/src/cli/doctor.rs:309:
 /// lock` each keep their own copy of (no shared helper module exists for this yet).
 fn first_reason(s: &str, fallback: &str) -> String {
-    s.lines().map(str::trim).find(|l| !l.is_empty()).unwrap_or(fallback).to_string()
+    s.lines()
+        .map(str::trim)
+        .find(|l| !l.is_empty())
+        .unwrap_or(fallback)
+        .to_string()
 }
 
 fn print_host_check(check: &HostCheck) {
Diff in /Users/inou/dev/rust/nrgize-rs/src/cli/doctor.rs:319:
     check_pass(&format!("{}: reachable via SSH", check.host));
     match &check.runtime {
         Some(bin) => check_pass(&format!("{}: container runtime found ({bin})", check.host)),
-        None => check_fail(&format!("{}: no docker/podman/nerdctl found on PATH", check.host)),
+        None => check_fail(&format!(
+            "{}: no docker/podman/nerdctl found on PATH",
+            check.host
+        )),
     }
     for reg in &check.registry {
         if reg.ok {
Diff in /Users/inou/dev/rust/nrgize-rs/src/cli/doctor.rs:326:
-            check_pass(&format!("{}: registry auth OK for {}", check.host, reg.image));
+            check_pass(&format!(
+                "{}: registry auth OK for {}",
+                check.host, reg.image
+            ));
         } else {
             check_fail(&format!(
                 "{}: registry auth failed for {}: {}",
Diff in /Users/inou/dev/rust/nrgize-rs/src/cli/doctor.rs:367:
         let c = probe_host(&runner, "web1", &[]);
         assert!(!c.reachable);
         assert_eq!(c.runtime, None);
-        assert_eq!(runner.calls().len(), 1, "must not bother checking for a runtime on an unreachable host");
+        assert_eq!(
+            runner.calls().len(),
+            1,
+            "must not bother checking for a runtime on an unreachable host"
+        );
     }
 
     #[test]
Diff in /Users/inou/dev/rust/nrgize-rs/src/cli/doctor.rs:374:
     fn probe_host_reports_reachable_with_runtime_found() {
         let mut runner = FakeRunner::new();
-        runner.default = RawOutput { stdout: "/usr/bin/docker\n".to_string(), stderr: String::new(), exit_code: 0 };
+        runner.default = RawOutput {
+            stdout: "/usr/bin/docker\n".to_string(),
+            stderr: String::new(),
+            exit_code: 0,
+        };
         let c = probe_host(&runner, "web1", &[]);
         assert!(c.reachable);
         assert_eq!(c.runtime.as_deref(), Some("/usr/bin/docker"));
Diff in /Users/inou/dev/rust/nrgize-rs/src/cli/doctor.rs:385:
         // found" despite exit 0 — a non-interactive shell printing banner/profile output before
         // the real `command -v` result is a real scenario, not a hypothetical one.
         let mut runner = FakeRunner::new();
-        runner.default = RawOutput { stdout: "\n/usr/bin/docker\n".to_string(), stderr: String::new(), exit_code: 0 };
+        runner.default = RawOutput {
+            stdout: "\n/usr/bin/docker\n".to_string(),
+            stderr: String::new(),
+            exit_code: 0,
+        };
         let c = probe_host(&runner, "web1", &[]);
         assert!(c.reachable);
         assert_eq!(c.runtime.as_deref(), Some("/usr/bin/docker"));
Diff in /Users/inou/dev/rust/nrgize-rs/src/cli/doctor.rs:415:
     #[test]
     fn probe_host_checks_registry_auth_for_every_image_when_runtime_is_docker() {
         let mut runner = FakeRunner::new();
-        runner.default = RawOutput { stdout: "/usr/bin/docker\n".to_string(), stderr: String::new(), exit_code: 0 };
+        runner.default = RawOutput {
+            stdout: "/usr/bin/docker\n".to_string(),
+            stderr: String::new(),
+            exit_code: 0,
+        };
         let c = probe_host(&runner, "web1", &["ghcr.io/org/app:v1".to_string()]);
         assert!(c.reachable);
         assert_eq!(c.registry.len(), 1);
Diff in /Users/inou/dev/rust/nrgize-rs/src/cli/doctor.rs:422:
-        assert!(c.registry[0].ok, "a default-passing FakeRunner call must be treated as auth success");
+        assert!(
+            c.registry[0].ok,
+            "a default-passing FakeRunner call must be treated as auth success"
+        );
         assert_eq!(c.registry[0].image, "ghcr.io/org/app:v1");
         let invoked = runner.calls().join("\n");
         assert!(invoked.contains("manifest inspect"), "got: {invoked}");
Diff in /Users/inou/dev/rust/nrgize-rs/src/cli/doctor.rs:428:
     #[test]
     fn probe_host_reports_a_real_registry_auth_failure_with_its_reason() {
         let mut runner = FakeRunner::new();
-        runner.default = RawOutput { stdout: "/usr/bin/docker\n".to_string(), stderr: String::new(), exit_code: 0 };
-        runner.fail_cmd("web1", "manifest inspect", 1, "Error: unauthorized: authentication required");
+        runner.default = RawOutput {
+            stdout: "/usr/bin/docker\n".to_string(),
+            stderr: String::new(),
+            exit_code: 0,
+        };
+        runner.fail_cmd(
+            "web1",
+            "manifest inspect",
+            1,
+            "Error: unauthorized: authentication required",
+        );
         let c = probe_host(&runner, "web1", &["ghcr.io/org/app:v1".to_string()]);
         assert_eq!(c.registry.len(), 1);
         assert!(!c.registry[0].ok);
Diff in /Users/inou/dev/rust/nrgize-rs/src/cli/doctor.rs:436:
-        assert_eq!(c.registry[0].reason.as_deref(), Some("Error: unauthorized: authentication required"));
+        assert_eq!(
+            c.registry[0].reason.as_deref(),
+            Some("Error: unauthorized: authentication required")
+        );
     }
 
     #[test]
Diff in /Users/inou/dev/rust/nrgize-rs/src/cli/doctor.rs:442:
         // Docker-specific syntax, so a Podman-only host must not have it run against it at all —
         // running it anyway would fail for the WRONG reason ("docker: command not found").
         let mut runner = FakeRunner::new();
-        runner.default = RawOutput { stdout: "/usr/bin/podman\n".to_string(), stderr: String::new(), exit_code: 0 };
+        runner.default = RawOutput {
+            stdout: "/usr/bin/podman\n".to_string(),
+            stderr: String::new(),
+            exit_code: 0,
+        };
         let c = probe_host(&runner, "web1", &["ghcr.io/org/app:v1".to_string()]);
         assert!(c.registry.is_empty());
         let invoked = runner.calls().join("\n");
Diff in /Users/inou/dev/rust/nrgize-rs/src/cli/doctor.rs:452:
     #[test]
     fn probe_host_skips_registry_check_when_no_images_are_given() {
         let mut runner = FakeRunner::new();
-        runner.default = RawOutput { stdout: "/usr/bin/docker\n".to_string(), stderr: String::new(), exit_code: 0 };
+        runner.default = RawOutput {
+            stdout: "/usr/bin/docker\n".to_string(),
+            stderr: String::new(),
+            exit_code: 0,
+        };
         let c = probe_host(&runner, "web1", &[]);
         assert!(c.registry.is_empty());
     }
Diff in /Users/inou/dev/rust/nrgize-rs/src/cli/doctor.rs:471:
         let images = images_by_host_from_store(&store, &["web1".to_string()]);
         assert_eq!(
             images.get("web1").cloned().unwrap_or_default(),
-            vec!["ghcr.io/org/app:v1".to_string(), "ghcr.io/org/worker:v2".to_string()]
+            vec![
+                "ghcr.io/org/app:v1".to_string(),
+                "ghcr.io/org/worker:v2".to_string()
+            ]
         );
-        assert!(!images.contains_key("web2"), "web2 wasn't in the requested host list");
+        assert!(
+            !images.contains_key("web2"),
+            "web2 wasn't in the requested host list"
+        );
     }
 
     #[test]
Diff in /Users/inou/dev/rust/nrgize-rs/src/cli/doctor.rs:487:
 
     #[test]
     fn resolve_hosts_explicit_wins_over_state() {
-        assert_eq!(resolve_hosts(&["web9".to_string()]).unwrap(), vec!["web9".to_string()]);
+        assert_eq!(
+            resolve_hosts(&["web9".to_string()]).unwrap(),
+            vec!["web9".to_string()]
+        );
     }
 
     #[test]
Diff in /Users/inou/dev/rust/nrgize-rs/src/cli/exec.rs:116:
     meta: AuditMeta,
     eval: impl FnOnce(&std::path::Path, SharedCtx) -> Result<(), String>,
 ) -> i32 {
-    let RunWiring { ctx, plan, root, _lock } = match wire_run(dry_run, lock_timeout, dest) {
+    let RunWiring {
+        ctx,
+        plan,
+        root,
+        _lock,
+    } = match wire_run(dry_run, lock_timeout, dest) {
         Ok(w) => w,
         Err(e) => {
             eprintln!("Error: {e}");
Diff in /Users/inou/dev/rust/nrgize-rs/src/cli/exec.rs:135:
         }
     };
     if dry_run {
-        print!("{}", crate::engine::plan::render_plan(&plan.lock().unwrap()));
+        print!(
+            "{}",
+            crate::engine::plan::render_plan(&plan.lock().unwrap())
+        );
     } else {
         // Dry runs write no state and take no lock (see `wire_run`); the audit trail follows
         // the same "plan touches nothing on disk" contract and only records LIVE runs.
Diff in /Users/inou/dev/rust/nrgize-rs/src/cli/exec.rs:144:
             Err(e) => format!("failed: {}", ctx_for_audit.redacted(e)),
         };
         let redacted_target = meta.target.map(|t| ctx_for_audit.redacted(t));
-        let mut redacted_args: Vec<String> = meta.args.iter().map(|a| ctx_for_audit.redacted(a)).collect();
+        let mut redacted_args: Vec<String> = meta
+            .args
+            .iter()
+            .map(|a| ctx_for_audit.redacted(a))
+            .collect();
         // Fable's final review, round 7: without this, two destinations produce
         // byte-identical (besides timestamp) audit entries — the exact "who deployed what,
         // where" question the trail exists to answer becomes unanswerable for the one feature
Diff in /Users/inou/dev/rust/nrgize-rs/src/cli/exec.rs:349:
 
 /// Execute the `nrg exec` command. Returns the process exit code.
 pub fn execute(args: &ExecArgs) -> i32 {
-    let path = match resolve_file(&args.file, "Create one or pass a file:\n  nrg exec deploy.rhai") {
+    let path = match resolve_file(
+        &args.file,
+        "Create one or pass a file:\n  nrg exec deploy.rhai",
+    ) {
         Ok(p) => p,
         Err(e) => {
             eprintln!("Error: {e}");
Diff in /Users/inou/dev/rust/nrgize-rs/src/cli/exec.rs:356:
             return 1;
         }
     };
-    let meta = AuditMeta { command: "exec", target: None, args: &[] };
+    let meta = AuditMeta {
+        command: "exec",
+        target: None,
+        args: &[],
+    };
     execute_with(
         &path,
         args.dry_run,
Diff in /Users/inou/dev/rust/nrgize-rs/src/cli/init.rs:41:
     /// exact line (verified by a unit test below) — swapped for the embedded stdlib's own
     /// import so `nrg init --template` needs no `nrg vendor` step.
     fn rendered(self) -> String {
-        self.source()
-            .replacen("import \"lib/recipe\" as recipe;", "import \"std/recipe\" as recipe;", 1)
+        self.source().replacen(
+            "import \"lib/recipe\" as recipe;",
+            "import \"std/recipe\" as recipe;",
+            1,
+        )
     }
 }
 
Diff in /Users/inou/dev/rust/nrgize-rs/src/cli/init.rs:92:
             0
         }
         Err(e) => {
-            eprintln!("{} Failed to write {}: {}", "Error:".red().bold(), DEFAULT_FILE, e);
+            eprintln!(
+                "{} Failed to write {}: {}",
+                "Error:".red().bold(),
+                DEFAULT_FILE,
+                e
+            );
             1
         }
     }
Diff in /Users/inou/dev/rust/nrgize-rs/src/cli/init.rs:107:
     // silently no-op'ing and shipping a template that still requires vendoring.
     #[test]
     fn every_template_source_contains_the_exact_recipe_import_line() {
-        for t in [Template::Rails, Template::Django, Template::Nextjs, Template::Phoenix, Template::Laravel] {
+        for t in [
+            Template::Rails,
+            Template::Django,
+            Template::Nextjs,
+            Template::Phoenix,
+            Template::Laravel,
+        ] {
             assert!(
                 t.source().contains("import \"lib/recipe\" as recipe;"),
                 "template source missing the expected import line to swap"
Diff in /Users/inou/dev/rust/nrgize-rs/src/cli/init.rs:117:
 
     #[test]
     fn rendered_swaps_the_recipe_import_to_the_embedded_stdlib() {
-        for t in [Template::Rails, Template::Django, Template::Nextjs, Template::Phoenix, Template::Laravel] {
+        for t in [
+            Template::Rails,
+            Template::Django,
+            Template::Nextjs,
+            Template::Phoenix,
+            Template::Laravel,
+        ] {
             let rendered = t.rendered();
             assert!(rendered.contains("import \"std/recipe\" as recipe;"));
             // Broader than just the recipe import: if a future lib/examples/*.rhai ever grows a
Diff in /Users/inou/dev/rust/nrgize-rs/src/cli/lock.rs:146:
     // Read-only probe — `test -d` never creates or removes anything, unlike `mkdir`.
     let out = runner.run_ssh(&host, &format!("test -d {}", posix_quote(&dir)));
     if out.exit_code == 255 {
-        eprintln!("Error: {host}: unreachable — {}", first_reason(&out.stderr, "ssh failed"));
+        eprintln!(
+            "Error: {host}: unreachable — {}",
+            first_reason(&out.stderr, "ssh failed")
+        );
         return 1;
     }
     // Fable's final review (round 6): only `test -d`'s OWN "absent" exit code (1) means "not
Diff in /Users/inou/dev/rust/nrgize-rs/src/cli/lock.rs:183:
     let dir = lock_dir(&args.service);
     let out = runner.run_ssh(&host, &format!("mkdir {} 2>&1", posix_quote(&dir)));
     if out.exit_code == 255 {
-        eprintln!("Error: {host}: unreachable — {}", first_reason(&out.stderr, "ssh failed"));
+        eprintln!(
+            "Error: {host}: unreachable — {}",
+            first_reason(&out.stderr, "ssh failed")
+        );
         return 1;
     }
     if out.exit_code != 0 {
Diff in /Users/inou/dev/rust/nrgize-rs/src/cli/lock.rs:196:
                 args.service
             );
         } else {
-            eprintln!("Error: could not acquire the lock on {host}: {}", first_reason(&combined, "mkdir failed"));
+            eprintln!(
+                "Error: could not acquire the lock on {host}: {}",
+                first_reason(&combined, "mkdir failed")
+            );
         }
         return 1;
     }
Diff in /Users/inou/dev/rust/nrgize-rs/src/cli/lock.rs:203:
-    let user = std::env::var("USER").or_else(|_| std::env::var("USERNAME")).unwrap_or_else(|_| "unknown".to_string());
+    let user = std::env::var("USER")
+        .or_else(|_| std::env::var("USERNAME"))
+        .unwrap_or_else(|_| "unknown".to_string());
     let ts = now_utc();
     let holder_line = format!("{user} at {ts} (via nrg lock acquire)");
     runner.run_ssh(
Diff in /Users/inou/dev/rust/nrgize-rs/src/cli/lock.rs:232:
         // as such would let an operator run the safe preview first, see "nothing to release",
         // and wrongly conclude the lock is already clear when it was never actually checked.
         if out.exit_code == 255 {
-            eprintln!("Error: {host}: unreachable — {}", first_reason(&out.stderr, "ssh failed"));
+            eprintln!(
+                "Error: {host}: unreachable — {}",
+                first_reason(&out.stderr, "ssh failed")
+            );
             return 1;
         }
         // Fable's final review (round 6): same reasoning as cmd_status — only exit code 1
Diff in /Users/inou/dev/rust/nrgize-rs/src/cli/lock.rs:249:
         }
         if out.exit_code == 0 {
             let holder = read_holder(&runner, &host, &dir);
-            println!("Would release {:?}'s lock on {host} (held by {holder}).", args.service);
+            println!(
+                "Would release {:?}'s lock on {host} (held by {holder}).",
+                args.service
+            );
         } else {
-            println!("{}: not locked on {host} — nothing to release.", args.service);
+            println!(
+                "{}: not locked on {host} — nothing to release.",
+                args.service
+            );
         }
         println!("Re-run with --yes to actually release it. Only do this if you're certain no deploy/rollback of this service is genuinely still running.");
         return 0;
Diff in /Users/inou/dev/rust/nrgize-rs/src/cli/lock.rs:258:
     }
     let out = runner.run_ssh(&host, &format!("rm -rf {} 2>&1", posix_quote(&dir)));
     if out.exit_code == 255 {
-        eprintln!("Error: {host}: unreachable — {}", first_reason(&out.stderr, "ssh failed"));
+        eprintln!(
+            "Error: {host}: unreachable — {}",
+            first_reason(&out.stderr, "ssh failed")
+        );
         return 1;
     }
     if out.exit_code != 0 {
Diff in /Users/inou/dev/rust/nrgize-rs/src/cli/lock.rs:267:
         // `out.stderr` (which only ever carries an ssh-level transport error, already handled
         // above). Matches `cmd_acquire`'s identical combined-output handling below.
         let combined = combined_output(&out);
-        eprintln!("Error: could not release the lock on {host}: {}", first_reason(&combined, "rm -rf failed"));
+        eprintln!(
+            "Error: could not release the lock on {host}: {}",
+            first_reason(&combined, "rm -rf failed")
+        );
         return 1;
     }
     println!("{}: released on {host}.", args.service);
Diff in /Users/inou/dev/rust/nrgize-rs/src/cli/lock.rs:275:
 }
 
 fn read_holder(runner: &dyn CommandRunner, host: &str, dir: &str) -> String {
-    let out = runner.run_ssh(host, &format!("cat {} 2>/dev/null", posix_quote(&format!("{dir}/holder"))));
+    let out = runner.run_ssh(
+        host,
+        &format!("cat {} 2>/dev/null", posix_quote(&format!("{dir}/holder"))),
+    );
     if out.exit_code == 0 && !out.stdout.trim().is_empty() {
         out.stdout.trim().to_string()
     } else {
Diff in /Users/inou/dev/rust/nrgize-rs/src/cli/lock.rs:309:
             stderr: "'/tmp/x': Permission denied\n".to_string(),
             exit_code: 1,
         };
-        assert_eq!(combined_output(&out), "rm: cannot remove '/tmp/x': Permission denied\n");
+        assert_eq!(
+            combined_output(&out),
+            "rm: cannot remove '/tmp/x': Permission denied\n"
+        );
     }
 
     #[test]
Diff in /Users/inou/dev/rust/nrgize-rs/src/cli/lock.rs:330:
 
     #[test]
     fn first_reason_picks_the_first_nonblank_line() {
-        assert_eq!(first_reason("\n  \nreal reason\nmore\n", "fallback"), "real reason");
+        assert_eq!(
+            first_reason("\n  \nreal reason\nmore\n", "fallback"),
+            "real reason"
+        );
     }
 
     #[test]
Diff in /Users/inou/dev/rust/nrgize-rs/src/cli/logs.rs:54:
         return 1;
     }
 
-    let container_cmd = store.get("nrg.runtime.cmd").unwrap_or_else(|| "docker".to_string());
+    let container_cmd = store
+        .get("nrg.runtime.cmd")
+        .unwrap_or_else(|| "docker".to_string());
     let container = format!("{}-web", args.service);
     let remote_cmd = build_remote_cmd(&container_cmd, &container, args.follow, args.lines);
 
Diff in /Users/inou/dev/rust/nrgize-rs/src/cli/logs.rs:66:
             // our own limited config parser, so ssh's own ~/.ssh/config handling applies in full
             // (Port, IdentityFile, ProxyJump, etc.), matching a plain `ssh <alias>`.
             if host.starts_with('-') {
-                eprintln!("Error: refusing to connect to a host that looks like an option: {host:?}");
+                eprintln!(
+                    "Error: refusing to connect to a host that looks like an option: {host:?}"
+                );
                 any_failed = true;
                 continue;
             }
Diff in /Users/inou/dev/rust/nrgize-rs/src/cli/logs.rs:92:
 /// Build the remote `docker logs` (or configured runtime) invocation. One templated string per
 /// host, not per-host-specific — the same command runs against each host's own container.
 fn build_remote_cmd(container_cmd: &str, container: &str, follow: bool, lines: u32) -> String {
-    let tail = if lines == 0 { "all".to_string() } else { lines.to_string() };
-    let mut parts = vec![container_cmd.to_string(), "logs".to_string(), "--tail".to_string(), tail];
+    let tail = if lines == 0 {
+        "all".to_string()
+    } else {
+        lines.to_string()
+    };
+    let mut parts = vec![
+        container_cmd.to_string(),
+        "logs".to_string(),
+        "--tail".to_string(),
+        tail,
+    ];
     if follow {
         parts.push("-f".to_string());
     }
Diff in /Users/inou/dev/rust/nrgize-rs/src/cli/logs.rs:117:
         // connection that silently goes dead (network partition, dropped NAT/firewall state)
         // leaves `nrg logs -f` hanging forever showing nothing, with no way to tell a live-but-
         // quiet log stream from a dead one. These make ssh itself notice within ~60s and exit.
-        .args(["-o", "ServerAliveInterval=15", "-o", "ServerAliveCountMax=4", "--"])
+        .args([
+            "-o",
+            "ServerAliveInterval=15",
+            "-o",
+            "ServerAliveCountMax=4",
+            "--",
+        ])
         .arg(target)
         .arg(remote_cmd);
     cmd
Diff in /Users/inou/dev/rust/nrgize-rs/src/cli/logs.rs:187:
     loop {
         buf.clear();
         match reader.read_until(b'\n', &mut buf) {
-            Ok(0) => break,        // EOF: the child closed this stream
+            Ok(0) => break, // EOF: the child closed this stream
             Ok(_) => {
                 while matches!(buf.last(), Some(b'\n') | Some(b'\r')) {
                     buf.pop();
Diff in /Users/inou/dev/rust/nrgize-rs/src/cli/logs.rs:205:
 
     #[test]
     fn build_remote_cmd_defaults_to_tail_100_no_follow() {
-        assert_eq!(build_remote_cmd("docker", "app-web", false, 100), "docker logs --tail 100 'app-web'");
+        assert_eq!(
+            build_remote_cmd("docker", "app-web", false, 100),
+            "docker logs --tail 100 'app-web'"
+        );
     }
 
     #[test]
Diff in /Users/inou/dev/rust/nrgize-rs/src/cli/logs.rs:212:
     fn build_remote_cmd_follow_adds_f_flag() {
-        assert_eq!(build_remote_cmd("docker", "app-web", true, 50), "docker logs --tail 50 -f 'app-web'");
+        assert_eq!(
+            build_remote_cmd("docker", "app-web", true, 50),
+            "docker logs --tail 50 -f 'app-web'"
+        );
     }
 
     #[test]
Diff in /Users/inou/dev/rust/nrgize-rs/src/cli/logs.rs:217:
     fn build_remote_cmd_zero_lines_means_tail_all() {
-        assert_eq!(build_remote_cmd("docker", "app-web", false, 0), "docker logs --tail all 'app-web'");
+        assert_eq!(
+            build_remote_cmd("docker", "app-web", false, 0),
+            "docker logs --tail all 'app-web'"
+        );
     }
 
     #[test]
Diff in /Users/inou/dev/rust/nrgize-rs/src/cli/logs.rs:258:
     #[test]
     fn drain_lines_splits_on_newlines_and_strips_crlf() {
         let mut got = Vec::new();
-        drain_lines(std::io::Cursor::new(b"one\r\ntwo\nthree".to_vec()), |l| got.push(l.to_string()));
+        drain_lines(std::io::Cursor::new(b"one\r\ntwo\nthree".to_vec()), |l| {
+            got.push(l.to_string())
+        });
         assert_eq!(got, vec!["one", "two", "three"]);
     }
 
Diff in /Users/inou/dev/rust/nrgize-rs/src/cli/logs.rs:274:
         drain_lines(std::io::Cursor::new(input), |l| got.push(l.to_string()));
         assert_eq!(got.first().map(String::as_str), Some("before"));
         assert_eq!(got.last().map(String::as_str), Some("after"));
-        assert_eq!(got.len(), 3, "the invalid-UTF-8 line must still be emitted (lossily), not dropped: {got:?}");
+        assert_eq!(
+            got.len(),
+            3,
+            "the invalid-UTF-8 line must still be emitted (lossily), not dropped: {got:?}"
+        );
     }
 
     #[test]
Diff in /Users/inou/dev/rust/nrgize-rs/src/cli/mod.rs:18:
 use clap::{Parser, Subcommand};
 
 #[derive(Parser)]
-#[command(name = "nrg", about = "Energize — A Rhai-powered SSH orchestration runner", version)]
+#[command(
+    name = "nrg",
+    about = "Energize — A Rhai-powered SSH orchestration runner",
+    version
+)]
 pub struct Cli {
     #[command(subcommand)]
     pub command: Commands,
Diff in /Users/inou/dev/rust/nrgize-rs/src/cli/remove.rs:79:
         return 0;
     }
 
-    let container_cmd = store.get("nrg.runtime.cmd").unwrap_or_else(|| "docker".to_string());
+    let container_cmd = store
+        .get("nrg.runtime.cmd")
+        .unwrap_or_else(|| "docker".to_string());
     let container = format!("{}-web", args.service);
 
     if !args.yes {
Diff in /Users/inou/dev/rust/nrgize-rs/src/cli/remove.rs:159:
 /// Podman says `no such container` — a case-sensitive match would silently misreport this as a
 /// real failure under Podman (`nrg.runtime.cmd` supports both), breaking the idempotency this
 /// exists for on a supported runtime (Opus review, round 5).
-fn remove_container(runner: &dyn CommandRunner, host: &str, container_cmd: &str, name: &str) -> Result<(), String> {
+fn remove_container(
+    runner: &dyn CommandRunner,
+    host: &str,
+    container_cmd: &str,
+    name: &str,
+) -> Result<(), String> {
     let cmd = format!("{container_cmd} rm -f {}", posix_quote(name));
     let out = runner.run_ssh(host, &cmd);
     if out.exit_code == 255 {
Diff in /Users/inou/dev/rust/nrgize-rs/src/cli/remove.rs:173:
         return Err(format!("unreachable: {msg}"));
     }
     if out.exit_code != 0 && !out.stderr.to_lowercase().contains("no such") {
-        let msg = out.stderr.lines().map(str::trim).find(|l| !l.is_empty()).unwrap_or("remove failed");
+        let msg = out
+            .stderr
+            .lines()
+            .map(str::trim)
+            .find(|l| !l.is_empty())
+            .unwrap_or("remove failed");
         return Err(msg.to_string());
     }
     Ok(())
Diff in /Users/inou/dev/rust/nrgize-rs/src/cli/remove.rs:186:
 /// `purge_globals` must be false whenever `--host` targeted a strict subset of the hosts the
 /// service is actually deployed to — otherwise `nrg status` would report no deploy at all for a
 /// service another, untouched host is still running.
-fn purge_state(store: &mut StateStore, service: &str, removed_hosts: &[String], purge_globals: bool) {
+fn purge_state(
+    store: &mut StateStore,
+    service: &str,
+    removed_hosts: &[String],
+    purge_globals: bool,
+) {
     if purge_globals {
         for suffix in ["version", "image", "prev", "deployed_at"] {
             let _ = store.del(&format!("{service}.{suffix}"));
Diff in /Users/inou/dev/rust/nrgize-rs/src/cli/remove.rs:223:
         // failure — breaking the documented idempotency guarantee on a supported runtime
         // (`nrg.runtime.cmd` can be "podman", not just "docker").
         let runner = FakeRunner::new();
-        runner.fail_host("web1", 1, "Error: app-web: no container with name or ID \"app-web\" found: no such container");
+        runner.fail_host(
+            "web1",
+            1,
+            "Error: app-web: no container with name or ID \"app-web\" found: no such container",
+        );
         assert!(remove_container(&runner, "web1", "podman", "app-web").is_ok());
     }
 
Diff in /Users/inou/dev/rust/nrgize-rs/src/cli/remove.rs:238:
     #[test]
     fn remove_container_distinguishes_ssh_transport_failure_from_a_docker_error() {
         let runner = FakeRunner::new();
-        runner.fail_host("web1", 255, "ssh: connect to host web1 port 22: Connection refused");
+        runner.fail_host(
+            "web1",
+            255,
+            "ssh: connect to host web1 port 22: Connection refused",
+        );
         let err = remove_container(&runner, "web1", "docker", "app-web").unwrap_err();
         assert!(err.starts_with("unreachable:"), "got: {err}");
         assert!(err.contains("Connection refused"), "got: {err}");
Diff in /Users/inou/dev/rust/nrgize-rs/src/cli/remove.rs:249:
         let runner = FakeRunner::new();
         let _ = remove_container(&runner, "web1", "docker", "app-web; rm -rf /");
         let calls = runner.calls();
-        assert!(calls[0].contains("'app-web; rm -rf /'"), "got: {}", calls[0]);
+        assert!(
+            calls[0].contains("'app-web; rm -rf /'"),
+            "got: {}",
+            calls[0]
+        );
     }
 
     fn seeded_store() -> StateStore {
Diff in /Users/inou/dev/rust/nrgize-rs/src/cli/remove.rs:257:
         store.set("app.version", "v42").unwrap();
         store.set("app.image", "ghcr.io/org/app:v42").unwrap();
         store.set("app.prev", "v41").unwrap();
-        store.set("app.deployed_at", "2026-07-10T00:00:00Z").unwrap();
+        store
+            .set("app.deployed_at", "2026-07-10T00:00:00Z")
+            .unwrap();
         store.set("app.target.web1", "localhost:13000").unwrap();
         store.set("app.target.web2", "localhost:13001").unwrap();
         store
Diff in /Users/inou/dev/rust/nrgize-rs/src/cli/remove.rs:266:
     #[test]
     fn purge_state_with_globals_clears_everything_removed() {
         let mut store = seeded_store();
-        purge_state(&mut store, "app", &["web1".to_string(), "web2".to_string()], true);
+        purge_state(
+            &mut store,
+            "app",
+            &["web1".to_string(), "web2".to_string()],
+            true,
+        );
         assert_eq!(store.get("app.version"), None);
         assert_eq!(store.get("app.image"), None);
         assert_eq!(store.get("app.prev"), None);
Diff in /Users/inou/dev/rust/nrgize-rs/src/cli/remove.rs:282:
         let mut store = seeded_store();
         purge_state(&mut store, "app", &["web1".to_string()], false);
         assert_eq!(store.get("app.version").as_deref(), Some("v42"));
-        assert_eq!(store.get("app.image").as_deref(), Some("ghcr.io/org/app:v42"));
+        assert_eq!(
+            store.get("app.image").as_deref(),
+            Some("ghcr.io/org/app:v42")
+        );
         assert_eq!(store.get("app.prev").as_deref(), Some("v41"));
-        assert_eq!(store.get("app.deployed_at").as_deref(), Some("2026-07-10T00:00:00Z"));
+        assert_eq!(
+            store.get("app.deployed_at").as_deref(),
+            Some("2026-07-10T00:00:00Z")
+        );
         // The host that WAS removed still loses its own per-host entry.
         assert_eq!(store.get("app.target.web1"), None);
         // The untouched host keeps its entry.
Diff in /Users/inou/dev/rust/nrgize-rs/src/cli/remove.rs:291:
-        assert_eq!(store.get("app.target.web2").as_deref(), Some("localhost:13001"));
+        assert_eq!(
+            store.get("app.target.web2").as_deref(),
+            Some("localhost:13001")
+        );
     }
 }
 
Diff in /Users/inou/dev/rust/nrgize-rs/src/cli/rollback.rs:103:
     if let Some(img) = &args.image {
         audit_args.push(format!("--image={img}"));
     }
-    let meta = AuditMeta { command: "rollback", target: Some(&args.service), args: &audit_args };
+    let meta = AuditMeta {
+        command: "rollback",
+        target: Some(&args.service),
+        args: &audit_args,
+    };
     execute_with(
         &path,
         args.dry_run,
Diff in /Users/inou/dev/rust/nrgize-rs/src/cli/rollback.rs:126:
                 // destination) sees a generic "no hosts recorded" with no hint that it only ever
                 // checked the DEFAULT namespace, which is confusing on the one command reached
                 // for during an incident.
-                let dest = ctx.state.lock().unwrap().dest().unwrap_or_else(|| "default".to_string());
+                let dest = ctx
+                    .state
+                    .lock()
+                    .unwrap()
+                    .dest()
+                    .unwrap_or_else(|| "default".to_string());
                 return Err(format!(
                     "no hosts recorded for {:?} in destination {dest:?} (has it been deployed — \
                      under this destination? pass --dest if it was deployed under a different \
Diff in /Users/inou/dev/rust/nrgize-rs/src/cli/secrets.rs:1:
+use crate::secrets;
 use clap::{Args, Subcommand};
 use crossterm::style::Stylize;
-use crate::secrets;
 
 /// Print an error to stderr with a red `Error:` prefix.
 fn render_error(message: &str) {
Diff in /Users/inou/dev/rust/nrgize-rs/src/cli/secrets.rs:85:
 
     match secrets::generate_key_pair(&dir) {
         Ok((key_path, pubkey_path)) => {
-            println!(
-                "  {} Generated key pair:",
-                "✓".green()
-            );
+            println!("  {} Generated key pair:", "✓".green());
             println!("    Private key: {}", key_path.display());
             println!("    Public key:  {}", pubkey_path.display());
             println!();
Diff in /Users/inou/dev/rust/nrgize-rs/src/cli/secrets.rs:174:
     match secrets::find_key_file_checked() {
         Ok(Some(p)) => Ok(p),
         Ok(None) => {
-            render_error(&format!("No private key found (.nrg-key). Cannot {action}."));
+            render_error(&format!(
+                "No private key found (.nrg-key). Cannot {action}."
+            ));
             Err(1)
         }
         Err(e) => {
Diff in /Users/inou/dev/rust/nrgize-rs/src/cli/secrets.rs:251:
     let path = std::path::Path::new(file);
     match secrets::seal_file(path, &pubkey) {
         Ok(out_path) => {
-            println!(
-                "  {} Sealed {} → {}",
-                "✓".green(),
-                file,
-                out_path.display()
-            );
+            println!("  {} Sealed {} → {}", "✓".green(), file, out_path.display());
             0
         }
         Err(e) => {
Diff in /Users/inou/dev/rust/nrgize-rs/src/cli/secrets.rs:297:
     #[test]
     fn gitignore_covers_key_recognizes_a_bare_line() {
         let tmp = tempfile::tempdir().unwrap();
-        std::fs::write(tmp.path().join(".gitignore"), "node_modules\n.nrg-key\n*.log\n").unwrap();
+        std::fs::write(
+            tmp.path().join(".gitignore"),
+            "node_modules\n.nrg-key\n*.log\n",
+        )
+        .unwrap();
         assert!(gitignore_covers_key(tmp.path()));
     }
 
Diff in /Users/inou/dev/rust/nrgize-rs/src/cli/secrets.rs:304:
     #[test]
     fn gitignore_covers_key_recognizes_a_rooted_line() {
         let tmp = tempfile::tempdir().unwrap();
-        std::fs::write(tmp.path().join(".gitignore"), "node_modules\n/.nrg-key\n*.log\n").unwrap();
+        std::fs::write(
+            tmp.path().join(".gitignore"),
+            "node_modules\n/.nrg-key\n*.log\n",
+        )
+        .unwrap();
         assert!(gitignore_covers_key(tmp.path()));
     }
 
Diff in /Users/inou/dev/rust/nrgize-rs/src/cli/secrets.rs:311:
     #[test]
     fn gitignore_covers_key_recognizes_a_globbed_line() {
         let tmp = tempfile::tempdir().unwrap();
-        std::fs::write(tmp.path().join(".gitignore"), "node_modules\n*.nrg-key\n*.log\n").unwrap();
+        std::fs::write(
+            tmp.path().join(".gitignore"),
+            "node_modules\n*.nrg-key\n*.log\n",
+        )
+        .unwrap();
         assert!(gitignore_covers_key(tmp.path()));
     }
 
Diff in /Users/inou/dev/rust/nrgize-rs/src/cli/secrets.rs:339:
         std::fs::create_dir_all(tmp.path().join(".git")).unwrap();
         let sub = tmp.path().join("a/b/c");
         std::fs::create_dir_all(&sub).unwrap();
-        assert!(in_git_worktree(&sub), "must find .git in an ancestor, not just the exact dir");
+        assert!(
+            in_git_worktree(&sub),
+            "must find .git in an ancestor, not just the exact dir"
+        );
     }
 
     #[test]
Diff in /Users/inou/dev/rust/nrgize-rs/src/cli/setup.rs:87:
         return 1;
     }
     if args.proxy != "kamal" && args.proxy != "caddy" {
-        eprintln!("Error: --proxy must be \"kamal\" or \"caddy\" (got {:?}).", args.proxy);
+        eprintln!(
+            "Error: --proxy must be \"kamal\" or \"caddy\" (got {:?}).",
+            args.proxy
+        );
         return 1;
     }
 
Diff in /Users/inou/dev/rust/nrgize-rs/src/cli/setup.rs:113:
 
     let runner = RealRunner;
     let checks = probe_hosts(&runner, &args.hosts);
-    let unreachable: Vec<&str> =
-        checks.iter().filter(|c| !c.reachable).map(|c| c.host.as_str()).collect();
+    let unreachable: Vec<&str> = checks
+        .iter()
+        .filter(|c| !c.reachable)
+        .map(|c| c.host.as_str())
+        .collect();
     if !unreachable.is_empty() {
         eprintln!("Not reachable via SSH: {}", unreachable.join(", "));
         return 1;
Diff in /Users/inou/dev/rust/nrgize-rs/src/cli/setup.rs:127:
     // call to run first. A Podman-only host would fail confusingly further down; warn up front.
     let non_docker: Vec<&str> = checks
         .iter()
-        .filter(|c| c.runtime.as_deref().is_some_and(|r| !r.to_lowercase().contains("docker")))
+        .filter(|c| {
+            c.runtime
+                .as_deref()
+                .is_some_and(|r| !r.to_lowercase().contains("docker"))
+        })
         .map(|c| c.host.as_str())
         .collect();
     if !non_docker.is_empty() {
Diff in /Users/inou/dev/rust/nrgize-rs/src/cli/setup.rs:139:
         );
     }
 
-    let missing: Vec<&str> =
-        checks.iter().filter(|c| c.runtime.is_none()).map(|c| c.host.as_str()).collect();
+    let missing: Vec<&str> = checks
+        .iter()
+        .filter(|c| c.runtime.is_none())
+        .map(|c| c.host.as_str())
+        .collect();
     if !missing.is_empty() {
         if args.dry_run {
-            println!("Would install Docker (https://get.docker.com) on: {}", missing.join(", "));
+            println!(
+                "Would install Docker (https://get.docker.com) on: {}",
+                missing.join(", ")
+            );
         } else if !args.yes {
             println!(
                 "No container runtime found on: {}. Re-run with --yes to install Docker there \
Diff in /Users/inou/dev/rust/nrgize-rs/src/cli/setup.rs:181:
     }
 
     let audit_args: Vec<String> = args.hosts.iter().map(|h| format!("--host={h}")).collect();
-    let meta = AuditMeta { command: "setup", target: None, args: &audit_args };
+    let meta = AuditMeta {
+        command: "setup",
+        target: None,
+        args: &audit_args,
+    };
     execute_with(&path, args.dry_run, None, None, meta, |path, ctx| {
         // Same fallback as `nrg rollback` (see `eval.rs::build_for`'s identical comment): a bare
         // relative `--file` has a `parent()` of `Some("")`, not `None`, which must be treated as
Diff in /Users/inou/dev/rust/nrgize-rs/src/cli/setup.rs:226:
          rc=$?; rm -f "$t"; exit $rc"#,
     );
     if out.exit_code == 255 {
-        return Err(format!("unreachable: {}", first_reason(&out.stderr, "ssh failed")));
+        return Err(format!(
+            "unreachable: {}",
+            first_reason(&out.stderr, "ssh failed")
+        ));
     }
     if out.exit_code != 0 {
         let combined = format!("{}\n{}", out.stdout, out.stderr);
Diff in /Users/inou/dev/rust/nrgize-rs/src/cli/setup.rs:238:
 /// The first non-blank line of `s`, or `fallback` — the same idiom `nrg remove`/`nrg lock` each
 /// keep their own copy of (no shared helper module exists for this yet in this codebase).
 fn first_reason(s: &str, fallback: &str) -> String {
-    s.lines().map(str::trim).find(|l| !l.is_empty()).unwrap_or(fallback).to_string()
+    s.lines()
+        .map(str::trim)
+        .find(|l| !l.is_empty())
+        .unwrap_or(fallback)
+        .to_string()
 }
 
 /// The result of preflighting one host: SSH reachability, and — only if reachable — which
Diff in /Users/inou/dev/rust/nrgize-rs/src/cli/setup.rs:273:
 fn probe_host(runner: &dyn CommandRunner, host: &str) -> HostCheck {
     let ssh = runner.run_ssh(host, "true");
     if ssh.exit_code != 0 {
-        return HostCheck { host: host.to_string(), reachable: false, runtime: None };
+        return HostCheck {
+            host: host.to_string(),
+            reachable: false,
+            runtime: None,
+        };
     }
-    let rt = runner.run_ssh(host, "command -v docker || command -v podman || command -v nerdctl");
+    let rt = runner.run_ssh(
+        host,
+        "command -v docker || command -v podman || command -v nerdctl",
+    );
     let runtime = if rt.exit_code == 0 {
-        rt.stdout.lines().map(str::trim).find(|l| !l.is_empty()).map(str::to_string)
+        rt.stdout
+            .lines()
+            .map(str::trim)
+            .find(|l| !l.is_empty())
+            .map(str::to_string)
     } else {
         None
     };
Diff in /Users/inou/dev/rust/nrgize-rs/src/cli/setup.rs:284:
-    HostCheck { host: host.to_string(), reachable: true, runtime }
+    HostCheck {
+        host: host.to_string(),
+        reachable: true,
+        runtime,
+    }
 }
 
 #[cfg(test)]
Diff in /Users/inou/dev/rust/nrgize-rs/src/cli/setup.rs:302:
     #[test]
     fn probe_host_reports_reachable_with_runtime_found() {
         let mut runner = FakeRunner::new();
-        runner.default =
-            RawOutput { stdout: "/usr/bin/docker\n".to_string(), stderr: String::new(), exit_code: 0 };
+        runner.default = RawOutput {
+            stdout: "/usr/bin/docker\n".to_string(),
+            stderr: String::new(),
+            exit_code: 0,
+        };
         let c = probe_host(&runner, "web1");
         assert!(c.reachable);
         assert_eq!(c.runtime.as_deref(), Some("/usr/bin/docker"));
Diff in /Users/inou/dev/rust/nrgize-rs/src/cli/setup.rs:340:
     #[test]
     fn install_docker_distinguishes_ssh_transport_failure_from_a_real_install_failure() {
         let runner = FakeRunner::new();
-        runner.fail_host("web1", 255, "ssh: connect to host web1 port 22: Connection refused");
+        runner.fail_host(
+            "web1",
+            255,
+            "ssh: connect to host web1 port 22: Connection refused",
+        );
         let err = install_docker(&runner, "web1").unwrap_err();
         assert!(err.starts_with("unreachable:"), "got: {err}");
         assert!(err.contains("Connection refused"), "got: {err}");
Diff in /Users/inou/dev/rust/nrgize-rs/src/cli/ssh.rs:39:
     } else {
         // Say "resolves to", not "on" — this hint may be missing Port/ProxyJump/IdentityFile
         // that ssh's own, fuller config parsing will still apply on the real connection below.
-        println!("Connecting to {} (resolves to {} per ~/.ssh/config)...", args.host, display_host);
+        println!(
+            "Connecting to {} (resolves to {} per ~/.ssh/config)...",
+            args.host, display_host
+        );
     }
 
     // Replace the current process with ssh, passing the ORIGINAL alias — letting the real `ssh`
Diff in /Users/inou/dev/rust/nrgize-rs/src/cli/ssh.rs:46:
     // binary do its own, complete config resolution (matching a plain interactive `ssh <alias>`).
     // If `exec` returns, it failed. The literal `--` ensures the host is never interpreted as an
     // ssh option.
-    let err = std::process::Command::new("ssh").arg("--").arg(&args.host).exec();
+    let err = std::process::Command::new("ssh")
+        .arg("--")
+        .arg(&args.host)
+        .exec();
 
     eprintln!("{} Failed to execute ssh: {}", "Error:".red().bold(), err);
     1
Diff in /Users/inou/dev/rust/nrgize-rs/src/cli/status.rs:45:
         return 0;
     }
 
-    let runner: Option<RealRunner> = if args.offline {
-        None
-    } else {
-        Some(RealRunner)
-    };
-    let container_cmd = store.get("nrg.runtime.cmd").unwrap_or_else(|| "docker".to_string());
+    let runner: Option<RealRunner> = if args.offline { None } else { Some(RealRunner) };
+    let container_cmd = store
+        .get("nrg.runtime.cmd")
+        .unwrap_or_else(|| "docker".to_string());
 
     for (i, svc) in services.iter().enumerate() {
         if i > 0 {
Diff in /Users/inou/dev/rust/nrgize-rs/src/cli/status.rs:66:
     0
 }
 
-fn print_service(store: &StateStore, service: &str, container_cmd: &str, runner: Option<&dyn CommandRunner>) {
+fn print_service(
+    store: &StateStore,
+    service: &str,
+    container_cmd: &str,
+    runner: Option<&dyn CommandRunner>,
+) {
     println!("{}", service.to_string().bold());
 
     match store.get(&format!("{service}.version")) {
Diff in /Users/inou/dev/rust/nrgize-rs/src/cli/status.rs:108:
 /// a cleanly stopped container are three different operator-facing facts, not one.
 #[derive(Debug, PartialEq)]
 enum ProbeResult {
-    Running { healthy: Option<bool> },
+    Running {
+        healthy: Option<bool>,
+    },
     Stopped,
     /// The host answered SSH, but no container by that name exists there (e.g. `docker inspect`
     /// returned "No such object") — reachable host, nothing deployed under that name.
Diff in /Users/inou/dev/rust/nrgize-rs/src/cli/status.rs:119:
 
 fn describe(probe: ProbeResult) -> String {
     match probe {
-        ProbeResult::Running { healthy: Some(true) } => "running, healthy".to_string().green().to_string(),
-        ProbeResult::Running { healthy: Some(false) } => "running, unhealthy".to_string().yellow().to_string(),
+        ProbeResult::Running {
+            healthy: Some(true),
+        } => "running, healthy".to_string().green().to_string(),
+        ProbeResult::Running {
+            healthy: Some(false),
+        } => "running, unhealthy".to_string().yellow().to_string(),
         ProbeResult::Running { healthy: None } => "running".to_string().green().to_string(),
         ProbeResult::Stopped => "stopped".to_string().red().to_string(),
         ProbeResult::NotDeployed => "not deployed here".to_string().yellow().to_string(),
Diff in /Users/inou/dev/rust/nrgize-rs/src/cli/status.rs:131:
 /// `docker inspect` (or the configured runtime's binary) via a single templated call — one SSH
 /// round-trip per host, not two — so the running+health facts can never disagree if the
 /// container's state changes between two separate probes.
-fn probe_container(runner: &dyn CommandRunner, host: &str, container_cmd: &str, name: &str) -> ProbeResult {
-    let template = "{{.State.Running}}|{{if .State.Health}}{{.State.Health.Status}}{{else}}none{{end}}";
-    let cmd = format!("{container_cmd} inspect -f {} {}", posix_quote(template), posix_quote(name));
+fn probe_container(
+    runner: &dyn CommandRunner,
+    host: &str,
+    container_cmd: &str,
+    name: &str,
+) -> ProbeResult {
+    let template =
+        "{{.State.Running}}|{{if .State.Health}}{{.State.Health.Status}}{{else}}none{{end}}";
+    let cmd = format!(
+        "{container_cmd} inspect -f {} {}",
+        posix_quote(template),
+        posix_quote(name)
+    );
     let out = runner.run_ssh(host, &cmd);
     parse_probe_output(out.exit_code, &out.stdout, &out.stderr)
 }
Diff in /Users/inou/dev/rust/nrgize-rs/src/cli/status.rs:165:
         return ProbeResult::Stopped;
     }
     match parts.next() {
-        Some("healthy") => ProbeResult::Running { healthy: Some(true) },
+        Some("healthy") => ProbeResult::Running {
+            healthy: Some(true),
+        },
         Some("none") | None => ProbeResult::Running { healthy: None },
-        Some(_) => ProbeResult::Running { healthy: Some(false) },
+        Some(_) => ProbeResult::Running {
+            healthy: Some(false),
+        },
     }
 }
 
Diff in /Users/inou/dev/rust/nrgize-rs/src/cli/status.rs:180:
     fn parses_running_and_healthy() {
         assert_eq!(
             parse_probe_output(0, "true|healthy\n", ""),
-            ProbeResult::Running { healthy: Some(true) }
+            ProbeResult::Running {
+                healthy: Some(true)
+            }
         );
     }
 
Diff in /Users/inou/dev/rust/nrgize-rs/src/cli/status.rs:187:
     #[test]
     fn parses_running_without_healthcheck() {
-        assert_eq!(parse_probe_output(0, "true|none\n", ""), ProbeResult::Running { healthy: None });
+        assert_eq!(
+            parse_probe_output(0, "true|none\n", ""),
+            ProbeResult::Running { healthy: None }
+        );
     }
 
     #[test]
Diff in /Users/inou/dev/rust/nrgize-rs/src/cli/status.rs:193:
     fn parses_running_unhealthy() {
         assert_eq!(
             parse_probe_output(0, "true|unhealthy\n", ""),
-            ProbeResult::Running { healthy: Some(false) }
+            ProbeResult::Running {
+                healthy: Some(false)
+            }
         );
     }
 
Diff in /Users/inou/dev/rust/nrgize-rs/src/cli/status.rs:200:
     #[test]
     fn parses_stopped() {
-        assert_eq!(parse_probe_output(0, "false|none\n", ""), ProbeResult::Stopped);
+        assert_eq!(
+            parse_probe_output(0, "false|none\n", ""),
+            ProbeResult::Stopped
+        );
     }
 
     #[test]
Diff in /Users/inou/dev/rust/nrgize-rs/src/cli/status.rs:206:
     fn ssh_level_failure_exit_255_is_unreachable() {
-        let r = parse_probe_output(255, "", "ssh: connect to host web1 port 22: Connection refused\n");
-        assert_eq!(r, ProbeResult::Unreachable("ssh: connect to host web1 port 22: Connection refused".to_string()));
+        let r = parse_probe_output(
+            255,
+            "",
+            "ssh: connect to host web1 port 22: Connection refused\n",
+        );
+        assert_eq!(
+            r,
+            ProbeResult::Unreachable(
+                "ssh: connect to host web1 port 22: Connection refused".to_string()
+            )
+        );
     }
 
     #[test]
Diff in /Users/inou/dev/rust/nrgize-rs/src/cli/status.rs:224:
         assert_eq!(calls.len(), 1);
         // The container name is single-quote escaped, so an embedded `;` can never break out
         // of the inspect argument (same shell-safety contract as the rest of the stdlib).
-        assert!(calls[0].contains("'app-web; rm -rf /'"), "got: {}", calls[0]);
+        assert!(
+            calls[0].contains("'app-web; rm -rf /'"),
+            "got: {}",
+            calls[0]
+        );
     }
 }
 
Diff in /Users/inou/dev/rust/nrgize-rs/src/cli/vendor.rs:30:
     };
     let dir = root.join("lib");
     if let Err(e) = std::fs::create_dir_all(&dir) {
-        eprintln!("{} cannot create {}: {e}", "Error:".red().bold(), dir.display());
+        eprintln!(
+            "{} cannot create {}: {e}",
+            "Error:".red().bold(),
+            dir.display()
+        );
         return 1;
     }
 
Diff in /Users/inou/dev/rust/nrgize-rs/src/cli/vendor.rs:49:
         let tmp_path = dir.join(format!("{name}.rhai.tmp"));
         if let Err(e) = std::fs::write(&tmp_path, source) {
             let _ = std::fs::remove_file(&tmp_path);
-            eprintln!("{} cannot write {}: {e}", "Error:".red().bold(), path.display());
+            eprintln!(
+                "{} cannot write {}: {e}",
+                "Error:".red().bold(),
+                path.display()
+            );
             return 1;
         }
         if let Err(e) = std::fs::rename(&tmp_path, &path) {
Diff in /Users/inou/dev/rust/nrgize-rs/src/cli/vendor.rs:56:
             let _ = std::fs::remove_file(&tmp_path);
-            eprintln!("{} cannot write {}: {e}", "Error:".red().bold(), path.display());
+            eprintln!(
+                "{} cannot write {}: {e}",
+                "Error:".red().bold(),
+                path.display()
+            );
             return 1;
         }
         wrote.push(path);
Diff in /Users/inou/dev/rust/nrgize-rs/src/engine/builtins/exec.rs:130:
                     match h.clone().into_string() {
                         Ok(s) => host_strs.push(s),
                         Err(ty) => {
-                            return Err(
-                                format!("ssh_exec_all: host[{i}] must be a string, got {ty}").into()
+                            return Err(format!(
+                                "ssh_exec_all: host[{i}] must be a string, got {ty}"
                             )
+                            .into())
                         }
                     }
                 }
Diff in /Users/inou/dev/rust/nrgize-rs/src/engine/builtins/exec.rs:222:
         let ctx = ctx.clone();
         engine.register_fn(
             "write_remote",
-            move |host: &str, content: &str, remote_path: &str| -> Result<ExecResult, Box<EvalAltResult>> {
+            move |host: &str,
+                  content: &str,
+                  remote_path: &str|
+                  -> Result<ExecResult, Box<EvalAltResult>> {
                 let cmd = format!(
                     "umask 077; cat > {}",
                     crate::engine::secret::posix_quote(remote_path)
Diff in /Users/inou/dev/rust/nrgize-rs/src/engine/builtins/exec.rs:244:
                     );
                     return Ok(synthetic_ok(host));
                 }
-                Ok(to_result(host, ctx.runner.run_ssh_stdin(host, &cmd, content)))
+                Ok(to_result(
+                    host,
+                    ctx.runner.run_ssh_stdin(host, &cmd, content),
+                ))
             },
         );
     }
Diff in /Users/inou/dev/rust/nrgize-rs/src/engine/builtins/exec.rs:361:
         // A numeric host element must abort, not silently become `ssh ""`.
         let r = e.eval::<rhai::Array>(r#"ssh_exec_all(["a", 42], "uptime")"#);
         assert!(r.is_err());
-        assert!(fake.calls().is_empty(), "must not run any ssh before validation");
+        assert!(
+            fake.calls().is_empty(),
+            "must not run any ssh before validation"
+        );
     }
 
     #[test]
Diff in /Users/inou/dev/rust/nrgize-rs/src/engine/builtins/exec.rs:418:
         crate::engine::secret::register(&mut e, crate::engine::context::shared(fake.clone()));
         let r = e.run(r#"ssh_exec("web1", `docker login -p ${secret("LEAK")}`);"#);
         assert!(r.is_err(), "leaked secret must throw");
-        assert!(fake.calls().is_empty(), "must not execute a command with a leaked secret");
+        assert!(
+            fake.calls().is_empty(),
+            "must not execute a command with a leaked secret"
+        );
         std::env::remove_var("NRG_SECRET_LEAK");
     }
 }
Diff in /Users/inou/dev/rust/nrgize-rs/src/engine/builtins/http.rs:82:
 }
 
 /// GET/DELETE (ureq's `WithoutBody` typestate): apply headers, then `.call()`.
-fn do_bodyless_request(req: RequestBuilder<WithoutBody>, headers: &[(String, String)]) -> HttpResponse {
+fn do_bodyless_request(
+    req: RequestBuilder<WithoutBody>,
+    headers: &[(String, String)],
+) -> HttpResponse {
     finish(apply_headers(req, headers).call())
 }
 
Diff in /Users/inou/dev/rust/nrgize-rs/src/engine/builtins/http.rs:97:
 /// duplicate `Content-Type` headers with a 400, or simply use the wrong one. Only append the
 /// default when the caller didn't already supply their own (case-insensitively — HTTP header
 /// names are case-insensitive).
-fn do_body_request(req: RequestBuilder<WithBody>, body: &str, headers: &[(String, String)]) -> HttpResponse {
-    let has_content_type = headers.iter().any(|(k, _)| k.eq_ignore_ascii_case("content-type"));
+fn do_body_request(
+    req: RequestBuilder<WithBody>,
+    body: &str,
+    headers: &[(String, String)],
+) -> HttpResponse {
+    let has_content_type = headers
+        .iter()
+        .any(|(k, _)| k.eq_ignore_ascii_case("content-type"));
     let mut req = apply_headers(req, headers);
     if !has_content_type {
         req = req.header("Content-Type", "application/json");
Diff in /Users/inou/dev/rust/nrgize-rs/src/engine/builtins/http.rs:128:
         } else {
             format!(" ({} header(s))", headers.len())
         };
-        ctx.record("check", None, format!("[assumed ok] {verb_label} {url}{hdr_note}"));
+        ctx.record(
+            "check",
+            None,
+            format!("[assumed ok] {verb_label} {url}{hdr_note}"),
+        );
         return HttpResponse {
             status: 200,
             body: String::new(),
Diff in /Users/inou/dev/rust/nrgize-rs/src/engine/builtins/http.rs:135:
         };
     }
     match verb_label {
-        "POST" => do_body_request(agent(DEFAULT_HTTP_TIMEOUT_SECS).post(url), body.unwrap_or(""), headers),
-        "PUT" => do_body_request(agent(DEFAULT_HTTP_TIMEOUT_SECS).put(url), body.unwrap_or(""), headers),
-        "PATCH" => do_body_request(agent(DEFAULT_HTTP_TIMEOUT_SECS).patch(url), body.unwrap_or(""), headers),
+        "POST" => do_body_request(
+            agent(DEFAULT_HTTP_TIMEOUT_SECS).post(url),
+            body.unwrap_or(""),
+            headers,
+        ),
+        "PUT" => do_body_request(
+            agent(DEFAULT_HTTP_TIMEOUT_SECS).put(url),
+            body.unwrap_or(""),
+            headers,
+        ),
+        "PATCH" => do_body_request(
+            agent(DEFAULT_HTTP_TIMEOUT_SECS).patch(url),
+            body.unwrap_or(""),
+            headers,
+        ),
         "DELETE" => do_bodyless_request(agent(DEFAULT_HTTP_TIMEOUT_SECS).delete(url), headers),
         _ => unreachable!("write_verb_response: unsupported verb {verb_label}"),
     }
Diff in /Users/inou/dev/rust/nrgize-rs/src/engine/builtins/http.rs:152:
 /// `String` at the Rhai type level) — the message steers the caller at `reveal(secret(...))`
 /// or string concatenation, which is what actually registers the plaintext for redaction.
 fn headers_from_dynamic(headers: Dynamic) -> Result<Vec<(String, String)>, Box<EvalAltResult>> {
-    let map = headers.try_cast::<rhai::Map>().ok_or_else(|| -> Box<EvalAltResult> {
-        "http headers argument must be a map, e.g. #{\"Authorization\": \"Bearer \" + token}".into()
-    })?;
+    let map = headers
+        .try_cast::<rhai::Map>()
+        .ok_or_else(|| -> Box<EvalAltResult> {
+            "http headers argument must be a map, e.g. #{\"Authorization\": \"Bearer \" + token}"
+                .into()
+        })?;
     let mut out = Vec::with_capacity(map.len());
     for (k, v) in map {
         let value = v.into_string().map_err(|type_name| -> Box<EvalAltResult> {
Diff in /Users/inou/dev/rust/nrgize-rs/src/engine/builtins/http.rs:184:
 /// a `PatchRequest`, or a Rhai-catchable error naming the index — never a panic on a malformed
 /// element (a missing/wrong-typed `url`/`body`, or an unparseable `headers`).
 fn parse_patch_request(i: usize, item: Dynamic) -> Result<PatchRequest, Box<EvalAltResult>> {
-    let map = item.try_cast::<rhai::Map>().ok_or_else(|| -> Box<EvalAltResult> {
-        format!(
+    let map = item
+        .try_cast::<rhai::Map>()
+        .ok_or_else(|| -> Box<EvalAltResult> {
+            format!(
             "http_patch_all: requests[{i}] must be a map, e.g. #{{url: \"...\", body: \"...\"}}"
         )
-        .into()
-    })?;
+            .into()
+        })?;
     let url = map
         .get("url")
         .cloned()
Diff in /Users/inou/dev/rust/nrgize-rs/src/engine/builtins/http.rs:229:
         engine.register_fn("http_get", move |url: &str| -> HttpResponse {
             let r = do_get(url, DEFAULT_HTTP_TIMEOUT_SECS, &[]);
             if ctx.mode == EffectMode::DryRun {
-                ctx.record("check", None, format!("GET {url} -> {} (probed live)", r.status));
+                ctx.record(
+                    "check",
+                    None,
+                    format!("GET {url} -> {} (probed live)", r.status),
+                );
             }
             r
         });
Diff in /Users/inou/dev/rust/nrgize-rs/src/engine/builtins/http.rs:244:
                 let headers = headers_from_dynamic(headers)?;
                 let r = do_get(url, DEFAULT_HTTP_TIMEOUT_SECS, &headers);
                 if ctx.mode == EffectMode::DryRun {
-                    ctx.record("check", None, format!("GET {url} -> {} (probed live)", r.status));
+                    ctx.record(
+                        "check",
+                        None,
+                        format!("GET {url} -> {} (probed live)", r.status),
+                    );
                 }
                 Ok(r)
             },
Diff in /Users/inou/dev/rust/nrgize-rs/src/engine/builtins/http.rs:257:
     // thing that should bound total wait time, not a hardcoded 30s per request unrelated to it.
     {
         let ctx = ctx.clone();
-        engine.register_fn("sim_http_healthy", move |url: &str, timeout_secs: i64| -> HttpResponse {
-            if ctx.mode == EffectMode::DryRun {
-                ctx.record("check", None, format!("[assumed healthy] GET {url}"));
-                return HttpResponse { status: 200, body: String::new() };
-            }
-            do_get(url, timeout_secs, &[])
-        });
+        engine.register_fn(
+            "sim_http_healthy",
+            move |url: &str, timeout_secs: i64| -> HttpResponse {
+                if ctx.mode == EffectMode::DryRun {
+                    ctx.record("check", None, format!("[assumed healthy] GET {url}"));
+                    return HttpResponse {
+                        status: 200,
+                        body: String::new(),
+                    };
+                }
+                do_get(url, timeout_secs, &[])
+            },
+        );
     }
     // sim_http_healthy(url) — 1-arg overload (the historical fixed 30s default).
     {
Diff in /Users/inou/dev/rust/nrgize-rs/src/engine/builtins/http.rs:271:
         engine.register_fn("sim_http_healthy", move |url: &str| -> HttpResponse {
             if ctx.mode == EffectMode::DryRun {
                 ctx.record("check", None, format!("[assumed healthy] GET {url}"));
-                return HttpResponse { status: 200, body: String::new() };
+                return HttpResponse {
+                    status: 200,
+                    body: String::new(),
+                };
             }
             do_get(url, DEFAULT_HTTP_TIMEOUT_SECS, &[])
         });
Diff in /Users/inou/dev/rust/nrgize-rs/src/engine/builtins/http.rs:288:
         let ctx = ctx.clone();
         engine.register_fn(
             "http_post",
-            move |url: &str, body: &str, headers: Dynamic| -> Result<HttpResponse, Box<EvalAltResult>> {
+            move |url: &str,
+                  body: &str,
+                  headers: Dynamic|
+                  -> Result<HttpResponse, Box<EvalAltResult>> {
                 let headers = headers_from_dynamic(headers)?;
                 Ok(write_verb_response(&ctx, "POST", url, Some(body), &headers))
             },
Diff in /Users/inou/dev/rust/nrgize-rs/src/engine/builtins/http.rs:306:
         let ctx = ctx.clone();
         engine.register_fn(
             "http_put",
-            move |url: &str, body: &str, headers: Dynamic| -> Result<HttpResponse, Box<EvalAltResult>> {
+            move |url: &str,
+                  body: &str,
+                  headers: Dynamic|
+                  -> Result<HttpResponse, Box<EvalAltResult>> {
                 let headers = headers_from_dynamic(headers)?;
                 Ok(write_verb_response(&ctx, "PUT", url, Some(body), &headers))
             },
Diff in /Users/inou/dev/rust/nrgize-rs/src/engine/builtins/http.rs:323:
         let ctx = ctx.clone();
         engine.register_fn(
             "http_patch",
-            move |url: &str, body: &str, headers: Dynamic| -> Result<HttpResponse, Box<EvalAltResult>> {
+            move |url: &str,
+                  body: &str,
+                  headers: Dynamic|
+                  -> Result<HttpResponse, Box<EvalAltResult>> {
                 let headers = headers_from_dynamic(headers)?;
-                Ok(write_verb_response(&ctx, "PATCH", url, Some(body), &headers))
+                Ok(write_verb_response(
+                    &ctx,
+                    "PATCH",
+                    url,
+                    Some(body),
+                    &headers,
+                ))
             },
         );
     }
Diff in /Users/inou/dev/rust/nrgize-rs/src/engine/builtins/http.rs:368:
                         .into_iter()
                         .map(|r| {
                             Dynamic::from(write_verb_response(
-                                &ctx, "PATCH", &r.url, Some(&r.body), &r.headers,
+                                &ctx,
+                                "PATCH",
+                                &r.url,
+                                Some(&r.body),
+                                &r.headers,
                             ))
                         })
                         .collect());
Diff in /Users/inou/dev/rust/nrgize-rs/src/engine/builtins/http.rs:443:
         crate::engine::types::register_types(&mut e);
         register(&mut e, ctx);
         // The new-container probe returns synthetic healthy 200 even for an unreachable URL.
-        let ok: bool = e.eval(r#"sim_http_healthy("http://127.0.0.1:1/never").ok"#).unwrap();
+        let ok: bool = e
+            .eval(r#"sim_http_healthy("http://127.0.0.1:1/never").ok"#)
+            .unwrap();
         assert!(ok);
     }
 
Diff in /Users/inou/dev/rust/nrgize-rs/src/engine/builtins/http.rs:473:
             .eval(&format!(r#"sim_http_healthy("{url}", 1).status"#))
             .unwrap();
         let elapsed = start.elapsed();
-        assert_eq!(status, 0, "a hung endpoint must surface as a transport failure (status 0)");
+        assert_eq!(
+            status, 0,
+            "a hung endpoint must surface as a transport failure (status 0)"
+        );
         assert!(
             elapsed < std::time::Duration::from_secs(10),
             "must honor the 1s timeout, not the old fixed 30s: took {elapsed:?}"
Diff in /Users/inou/dev/rust/nrgize-rs/src/engine/builtins/http.rs:495:
         std::thread::spawn(move || {
             use std::io::{Read, Write};
             if let Ok((mut stream, _)) = listener.accept() {
-                stream.set_read_timeout(Some(std::time::Duration::from_millis(500))).unwrap();
+                stream
+                    .set_read_timeout(Some(std::time::Duration::from_millis(500)))
+                    .unwrap();
                 let mut received = Vec::new();
                 let mut buf = [0u8; 4096];
                 loop {
Diff in /Users/inou/dev/rust/nrgize-rs/src/engine/builtins/http.rs:552:
         crate::engine::types::register_types(&mut e);
         register(&mut e, ctx);
         let r: HttpResponse = e.eval(&format!(r#"http_get("http://{addr}/")"#)).unwrap();
-        assert_eq!(r.status, 503, "the real 5xx status must be preserved, not folded to 0");
-        assert_eq!(r.body, "{\"error\":\"overload\"}", "the 5xx body must still be extracted");
+        assert_eq!(
+            r.status, 503,
+            "the real 5xx status must be preserved, not folded to 0"
+        );
+        assert_eq!(
+            r.body, "{\"error\":\"overload\"}",
+            "the 5xx body must still be extracted"
+        );
     }
 
     #[test]
Diff in /Users/inou/dev/rust/nrgize-rs/src/engine/builtins/http.rs:569:
         let mut e = Engine::new();
         crate::engine::types::register_types(&mut e);
         register(&mut e, ctx);
-        let r: HttpResponse =
-            e.eval(&format!(r#"http_post("http://{addr}/", "{{\"deploy\":true}}")"#)).unwrap();
+        let r: HttpResponse = e
+            .eval(&format!(
+                r#"http_post("http://{addr}/", "{{\"deploy\":true}}")"#
+            ))
+            .unwrap();
         assert_eq!(r.status, 201);
         assert_eq!(r.body, "accepted");
 
Diff in /Users/inou/dev/rust/nrgize-rs/src/engine/builtins/http.rs:589:
         let mut e = Engine::new();
         crate::engine::types::register_types(&mut e);
         register(&mut e, ctx.clone());
-        let status: i64 = e.eval(r#"http_get("http://127.0.0.1:1/never").status"#).unwrap();
-        assert_eq!(status, 0, "an unreachable host must surface as status 0, not 200");
+        let status: i64 = e
+            .eval(r#"http_get("http://127.0.0.1:1/never").status"#)
+            .unwrap();
+        assert_eq!(
+            status, 0,
+            "an unreachable host must surface as status 0, not 200"
+        );
         let plan = ctx.plan.lock().unwrap().clone();
         assert!(plan.iter().any(|a| a.detail.contains("probed live")));
     }
Diff in /Users/inou/dev/rust/nrgize-rs/src/engine/builtins/http.rs:618:
         // Header NAMES are normalized to lowercase on the wire by the underlying `http` crate —
         // check case-insensitively, same as any real server would.
         assert!(
-            received.to_lowercase().contains("authorization: bearer test-token"),
+            received
+                .to_lowercase()
+                .contains("authorization: bearer test-token"),
             "the custom header must actually reach the wire: {received:?}"
         );
     }
Diff in /Users/inou/dev/rust/nrgize-rs/src/engine/builtins/http.rs:642:
         let received = rx.recv_timeout(std::time::Duration::from_secs(5)).unwrap();
         assert!(received.contains(r#"{"name":"x"}"#), "got: {received:?}");
         assert!(
-            received.to_lowercase().contains("authorization: bearer test-token"),
+            received
+                .to_lowercase()
+                .contains("authorization: bearer test-token"),
             "got: {received:?}"
         );
         assert!(received.starts_with("PUT "), "got: {received:?}");
Diff in /Users/inou/dev/rust/nrgize-rs/src/engine/builtins/http.rs:666:
         assert_eq!(r.body, "patched");
         let received = rx.recv_timeout(std::time::Duration::from_secs(5)).unwrap();
         assert!(received.contains(r#"{"name":"y"}"#), "got: {received:?}");
-        assert!(received.to_lowercase().contains("x-custom: abc"), "got: {received:?}");
+        assert!(
+            received.to_lowercase().contains("x-custom: abc"),
+            "got: {received:?}"
+        );
         assert!(received.starts_with("PATCH "), "got: {received:?}");
     }
 
Diff in /Users/inou/dev/rust/nrgize-rs/src/engine/builtins/http.rs:692:
             ))
             .unwrap();
         assert_eq!(r.status, 200);
-        let received = rx.recv_timeout(std::time::Duration::from_secs(5)).unwrap().to_lowercase();
+        let received = rx
+            .recv_timeout(std::time::Duration::from_secs(5))
+            .unwrap()
+            .to_lowercase();
         let content_type_lines = received
             .lines()
             .filter(|l| l.starts_with("content-type:"))
Diff in /Users/inou/dev/rust/nrgize-rs/src/engine/builtins/http.rs:699:
             .count();
-        assert_eq!(content_type_lines, 1, "expected exactly one Content-Type header, got: {received:?}");
+        assert_eq!(
+            content_type_lines, 1,
+            "expected exactly one Content-Type header, got: {received:?}"
+        );
         assert!(
             received.contains("content-type: application/merge-patch+json"),
             "the caller's own Content-Type must win, not the default: {received:?}"
Diff in /Users/inou/dev/rust/nrgize-rs/src/engine/builtins/http.rs:722:
         let received = rx.recv_timeout(std::time::Duration::from_secs(5)).unwrap();
         assert!(received.starts_with("DELETE "), "got: {received:?}");
         assert!(
-            received.to_lowercase().contains("authorization: bearer test-token"),
+            received
+                .to_lowercase()
+                .contains("authorization: bearer test-token"),
             "got: {received:?}"
         );
     }
Diff in /Users/inou/dev/rust/nrgize-rs/src/engine/builtins/http.rs:753:
                 format!(r#"{script_fn}("http://{addr}/", "{{}}")"#)
             };
             let r: HttpResponse = e.eval(&script).unwrap();
-            assert_eq!(r.status, 409, "{verb}: real non-2xx status must be preserved, not folded to 0");
-            assert_eq!(r.body, "{\"error\":\"busy\"}", "{verb}: non-2xx body must still be extracted");
+            assert_eq!(
+                r.status, 409,
+                "{verb}: real non-2xx status must be preserved, not folded to 0"
+            );
+            assert_eq!(
+                r.body, "{\"error\":\"busy\"}",
+                "{verb}: non-2xx body must still be extracted"
+            );
         }
     }
 
Diff in /Users/inou/dev/rust/nrgize-rs/src/engine/builtins/http.rs:769:
         let status: i64 = e
             .eval(r#"http_get("http://127.0.0.1:1/never", #{"Authorization": "Bearer x"}).status"#)
             .unwrap();
-        assert_eq!(status, 0, "an unreachable host must surface as status 0, not 200, even with headers");
+        assert_eq!(
+            status, 0,
+            "an unreachable host must surface as status 0, not 200, even with headers"
+        );
         let plan = ctx.plan.lock().unwrap().clone();
         assert!(plan.iter().any(|a| a.detail.contains("probed live")));
     }
Diff in /Users/inou/dev/rust/nrgize-rs/src/engine/builtins/http.rs:791:
             crate::engine::types::register_types(&mut e);
             register(&mut e, ctx.clone());
             let r: HttpResponse = e.eval(script).unwrap();
-            assert_eq!(r.status, 200, "must short-circuit to a synthetic 200 under dry-run: {script}");
+            assert_eq!(
+                r.status, 200,
+                "must short-circuit to a synthetic 200 under dry-run: {script}"
+            );
             let plan = ctx.plan.lock().unwrap().clone();
             assert!(
                 plan.iter().any(|a| a.kind == "check"),
Diff in /Users/inou/dev/rust/nrgize-rs/src/engine/builtins/http.rs:822:
             .unwrap();
         assert_eq!(r.status, 200);
         let plan = ctx.plan.lock().unwrap().clone();
-        assert!(plan.iter().any(|a| a.kind == "check"), "must have recorded a check action");
+        assert!(
+            plan.iter().any(|a| a.kind == "check"),
+            "must have recorded a check action"
+        );
         for action in plan.iter() {
             assert!(
                 !action.detail.contains("supersecretbunnytoken"),
Diff in /Users/inou/dev/rust/nrgize-rs/src/engine/builtins/http.rs:854:
         let err = e
             .eval::<HttpResponse>(r#"http_get("http://127.0.0.1:1/never", #{"X-Count": 5})"#)
             .unwrap_err();
-        assert!(err.to_string().contains("X-Count"), "must name the offending key: {err}");
+        assert!(
+            err.to_string().contains("X-Count"),
+            "must name the offending key: {err}"
+        );
         assert!(err.to_string().contains("must be a string"), "got: {err}");
     }
 
Diff in /Users/inou/dev/rust/nrgize-rs/src/engine/builtins/http.rs:878:
             )
             .unwrap_err();
         let msg = err.to_string();
-        assert!(msg.contains("Authorization"), "must name the offending key: {msg}");
-        assert!(msg.contains("Secret"), "must name the friendly type, not a Rust path: {msg}");
-        assert!(!msg.contains("::"), "must not leak the full Rust module path: {msg}");
-        assert!(!msg.contains("supersecretbaretoken"), "must never leak the plaintext: {msg}");
+        assert!(
+            msg.contains("Authorization"),
+            "must name the offending key: {msg}"
+        );
+        assert!(
+            msg.contains("Secret"),
+            "must name the friendly type, not a Rust path: {msg}"
+        );
+        assert!(
+            !msg.contains("::"),
+            "must not leak the full Rust module path: {msg}"
+        );
+        assert!(
+            !msg.contains("supersecretbaretoken"),
+            "must never leak the plaintext: {msg}"
+        );
         std::env::remove_var("NRG_SECRET_BARE_TOKEN");
     }
 
Diff in /Users/inou/dev/rust/nrgize-rs/src/engine/builtins/http.rs:937:
     fn http_patch_all_runs_requests_concurrently_not_sequentially() {
         const DELAY: std::time::Duration = std::time::Duration::from_millis(400);
         let ok_resp = "HTTP/1.1 200 OK\r\nContent-Length: 2\r\nConnection: close\r\n\r\nok";
-        let addrs: Vec<_> = (0..4).map(|_| spawn_slow_http_responder(DELAY, ok_resp)).collect();
+        let addrs: Vec<_> = (0..4)
+            .map(|_| spawn_slow_http_responder(DELAY, ok_resp))
+            .collect();
 
         let ctx = shared(FakeRunner::shared());
         let mut e = Engine::new();
Diff in /Users/inou/dev/rust/nrgize-rs/src/engine/builtins/http.rs:1006:
             std::time::Duration::from_millis(200),
             "HTTP/1.1 201 Created\r\nContent-Length: 4\r\nConnection: close\r\n\r\nslow",
         );
-        let fast_addr =
-            spawn_http_responder("HTTP/1.1 202 Accepted\r\nContent-Length: 4\r\nConnection: close\r\n\r\nfast");
+        let fast_addr = spawn_http_responder(
+            "HTTP/1.1 202 Accepted\r\nContent-Length: 4\r\nConnection: close\r\n\r\nfast",
+        );
 
         let ctx = shared(FakeRunner::shared());
         let mut e = Engine::new();
Diff in /Users/inou/dev/rust/nrgize-rs/src/engine/builtins/http.rs:1046:
             r[0].status + "," + r[1].status"#
         );
         let statuses: String = e.eval(&script).unwrap();
-        assert_eq!(statuses, "200,200", "dry-run must synthesize a 200 per element");
+        assert_eq!(
+            statuses, "200,200",
+            "dry-run must synthesize a 200 per element"
+        );
         assert!(
-            rx.recv_timeout(std::time::Duration::from_millis(300)).is_err(),
+            rx.recv_timeout(std::time::Duration::from_millis(300))
+                .is_err(),
             "no element should ever have made a real connection under --dry-run"
         );
     }
Diff in /Users/inou/dev/rust/nrgize-rs/src/engine/builtins/http.rs:1060:
         crate::engine::types::register_types(&mut e);
         register(&mut e, ctx);
         let err = e
-            .eval::<Array>(
-                r#"http_patch_all([#{url: "http://x/", body: "{}"}, #{body: "{}"}])"#,
-            )
+            .eval::<Array>(r#"http_patch_all([#{url: "http://x/", body: "{}"}, #{body: "{}"}])"#)
             .unwrap_err();
         let msg = err.to_string();
-        assert!(msg.contains("requests[1]"), "must name the offending index: {msg}");
+        assert!(
+            msg.contains("requests[1]"),
+            "must name the offending index: {msg}"
+        );
         assert!(msg.contains("url"), "must name the missing key: {msg}");
     }
 
Diff in /Users/inou/dev/rust/nrgize-rs/src/engine/builtins/sim.rs:122:
     host: &str,
     name: &str,
 ) -> Result<bool, Box<EvalAltResult>> {
-    let cmd = format!("{rt} inspect -f '{{{{.State.Running}}}}' {}", posix_quote(name));
+    let cmd = format!(
+        "{rt} inspect -f '{{{{.State.Running}}}}' {}",
+        posix_quote(name)
+    );
     let out = runner.run_ssh(host, &cmd);
     if out.exit_code == 0 {
         Ok(out.stdout.trim() == "true")
Diff in /Users/inou/dev/rust/nrgize-rs/src/engine/builtins/sim.rs:167:
     host: &str,
     name: &str,
 ) -> Result<bool, Box<EvalAltResult>> {
-    let cmd = format!("{rt} inspect -f '{{{{.State.Health.Status}}}}' {}", posix_quote(name));
+    let cmd = format!(
+        "{rt} inspect -f '{{{{.State.Health.Status}}}}' {}",
+        posix_quote(name)
+    );
     let out = runner.run_ssh(host, &cmd);
     if out.exit_code == 0 {
         Ok(out.stdout.trim() == "healthy")
Diff in /Users/inou/dev/rust/nrgize-rs/src/engine/builtins/sim.rs:205:
 /// fix — without this check it would silently fall through to the inverted default below and
 /// report the port "free" instead of surfacing that the probe never validly completed, exactly
 /// the fail-unsafe regression that fix would otherwise have introduced here.
-fn real_port_open(runner: &Arc<dyn CommandRunner>, host: &str, port: u16) -> Result<bool, Box<EvalAltResult>> {
+fn real_port_open(
+    runner: &Arc<dyn CommandRunner>,
+    host: &str,
+    port: u16,
+) -> Result<bool, Box<EvalAltResult>> {
     let cmd = format!("nc -z localhost {port}");
     let out = runner.run_ssh(host, &cmd);
     if out.exit_code < 0 {
Diff in /Users/inou/dev/rust/nrgize-rs/src/engine/builtins/sim.rs:287:
     label: &str,
     sim: impl FnOnce(&RunCtx),
 ) -> Result<ExecResult, Box<EvalAltResult>> {
-    effect(
-        ctx,
-        "ssh",
-        Some(host),
-        label,
-        cmd,
-        sim,
-        |c| to_result(host, c.runner.run_ssh(host, cmd)),
-    )
+    effect(ctx, "ssh", Some(host), label, cmd, sim, |c| {
+        to_result(host, c.runner.run_ssh(host, cmd))
+    })
 }
 
 pub fn register(engine: &mut Engine, ctx: SharedCtx) {
Diff in /Users/inou/dev/rust/nrgize-rs/src/engine/builtins/sim.rs:341:
                 let already = ctx.sim.lock().unwrap().is_seeded(host, tag);
                 if !already {
                     // DRY-RUN seeding: tolerate an unreachable host (note it, assume image absent).
-                    let real = seed_or_note(&ctx, host, &format!("image {tag}"), String::new(), || {
-                        real_image_id(&ctx.runner, &runtime_cmd(&ctx), host, tag)
-                    });
+                    let real =
+                        seed_or_note(&ctx, host, &format!("image {tag}"), String::new(), || {
+                            real_image_id(&ctx.runner, &runtime_cmd(&ctx), host, tag)
+                        });
                     let mut sim = ctx.sim.lock().unwrap();
                     sim.seed_running(host, tag, false);
                     if !real.is_empty() {
Diff in /Users/inou/dev/rust/nrgize-rs/src/engine/builtins/sim.rs:351:
                     }
                 }
                 let id = ctx.sim.lock().unwrap().image_id(host, tag);
-                Ok(if id.is_empty() { format!("<{tag}>") } else { id })
+                Ok(if id.is_empty() {
+                    format!("<{tag}>")
+                } else {
+                    id
+                })
             },
         );
     }
Diff in /Users/inou/dev/rust/nrgize-rs/src/engine/builtins/sim.rs:451:
         let ctx = ctx.clone();
         engine.register_fn(
             "sim_docker_run",
-            move |host: &str, tag: &str, name: &str, cmd: &str| -> Result<ExecResult, Box<EvalAltResult>> {
+            move |host: &str,
+                  tag: &str,
+                  name: &str,
+                  cmd: &str|
+                  -> Result<ExecResult, Box<EvalAltResult>> {
                 let tag = tag.to_string();
                 let name = name.to_string();
-                docker_mutation(&ctx, host, cmd, &format!("sim_docker_run {host}"), move |c| {
-                    c.sim.lock().unwrap().set_running(host, &name, &tag);
-                })
+                docker_mutation(
+                    &ctx,
+                    host,
+                    cmd,
+                    &format!("sim_docker_run {host}"),
+                    move |c| {
+                        c.sim.lock().unwrap().set_running(host, &name, &tag);
+                    },
+                )
             },
         );
     }
Diff in /Users/inou/dev/rust/nrgize-rs/src/engine/builtins/sim.rs:468:
             "sim_docker_stop",
             move |host: &str, name: &str, cmd: &str| -> Result<ExecResult, Box<EvalAltResult>> {
                 let name = name.to_string();
-                docker_mutation(&ctx, host, cmd, &format!("sim_docker_stop {host}"), move |c| {
-                    c.sim.lock().unwrap().set_stopped(host, &name);
-                })
+                docker_mutation(
+                    &ctx,
+                    host,
+                    cmd,
+                    &format!("sim_docker_stop {host}"),
+                    move |c| {
+                        c.sim.lock().unwrap().set_stopped(host, &name);
+                    },
+                )
             },
         );
     }
Diff in /Users/inou/dev/rust/nrgize-rs/src/engine/builtins/sim.rs:484:
             "sim_docker_restart",
             move |host: &str, name: &str, cmd: &str| -> Result<ExecResult, Box<EvalAltResult>> {
                 let name = name.to_string();
-                docker_mutation(&ctx, host, cmd, &format!("sim_docker_restart {host}"), move |c| {
-                    c.sim.lock().unwrap().set_restarted(host, &name);
-                })
+                docker_mutation(
+                    &ctx,
+                    host,
+                    cmd,
+                    &format!("sim_docker_restart {host}"),
+                    move |c| {
+                        c.sim.lock().unwrap().set_restarted(host, &name);
+                    },
+                )
             },
         );
     }
Diff in /Users/inou/dev/rust/nrgize-rs/src/engine/builtins/sim.rs:496:
         let ctx = ctx.clone();
         engine.register_fn(
             "sim_docker_rename",
-            move |host: &str, old: &str, new: &str, cmd: &str| -> Result<ExecResult, Box<EvalAltResult>> {
+            move |host: &str,
+                  old: &str,
+                  new: &str,
+                  cmd: &str|
+                  -> Result<ExecResult, Box<EvalAltResult>> {
                 let old = old.to_string();
                 let new = new.to_string();
-                docker_mutation(&ctx, host, cmd, &format!("sim_docker_rename {host}"), move |c| {
-                    c.sim.lock().unwrap().rename(host, &old, &new);
-                })
+                docker_mutation(
+                    &ctx,
+                    host,
+                    cmd,
+                    &format!("sim_docker_rename {host}"),
+                    move |c| {
+                        c.sim.lock().unwrap().rename(host, &old, &new);
+                    },
+                )
             },
         );
     }
Diff in /Users/inou/dev/rust/nrgize-rs/src/engine/builtins/sim.rs:513:
             "sim_docker_remove",
             move |host: &str, name: &str, cmd: &str| -> Result<ExecResult, Box<EvalAltResult>> {
                 let name = name.to_string();
-                docker_mutation(&ctx, host, cmd, &format!("sim_docker_remove {host}"), move |c| {
-                    c.sim.lock().unwrap().remove(host, &name);
-                })
+                docker_mutation(
+                    &ctx,
+                    host,
+                    cmd,
+                    &format!("sim_docker_remove {host}"),
+                    move |c| {
+                        c.sim.lock().unwrap().remove(host, &name);
+                    },
+                )
             },
         );
     }
Diff in /Users/inou/dev/rust/nrgize-rs/src/engine/builtins/sim.rs:526:
         let ctx = ctx.clone();
         engine.register_fn(
             "sim_proxy_switch",
-            move |host: &str, service: &str, target: &str, cmd: &str| -> Result<ExecResult, Box<EvalAltResult>> {
+            move |host: &str,
+                  service: &str,
+                  target: &str,
+                  cmd: &str|
+                  -> Result<ExecResult, Box<EvalAltResult>> {
                 let service = service.to_string();
                 let target = target.to_string();
-                docker_mutation(&ctx, host, cmd, &format!("sim_proxy_switch {host}"), move |c| {
-                    c.sim.lock().unwrap().proxy_switch(host, &service, &target);
-                })
+                docker_mutation(
+                    &ctx,
+                    host,
+                    cmd,
+                    &format!("sim_proxy_switch {host}"),
+                    move |c| {
+                        c.sim.lock().unwrap().proxy_switch(host, &service, &target);
+                    },
+                )
             },
         );
     }
Diff in /Users/inou/dev/rust/nrgize-rs/src/engine/builtins/sim.rs:617:
             [sim_container_running("web1", "app-new"), sim_container_healthy("web1", "app-new")]
         "#;
         let r: rhai::Array = e.eval(script).unwrap();
-        assert!(r[0].clone().as_bool().unwrap(), "new container must be running");
-        assert!(r[1].clone().as_bool().unwrap(), "new container must be healthy");
+        assert!(
+            r[0].clone().as_bool().unwrap(),
+            "new container must be running"
+        );
+        assert!(
+            r[1].clone().as_bool().unwrap(),
+            "new container must be healthy"
+        );
         assert!(fake.calls().is_empty(), "dry-run must not execute");
         let plan = ctx.plan.lock().unwrap().clone();
-        assert!(plan.iter().any(|a| a.kind == "ssh" && a.detail.contains("docker run -d")));
+        assert!(plan
+            .iter()
+            .any(|a| a.kind == "ssh" && a.detail.contains("docker run -d")));
     }
 
     #[test]
Diff in /Users/inou/dev/rust/nrgize-rs/src/engine/builtins/sim.rs:647:
     }
 
     #[test]
-    fn live_pick_port_exhausted_scan_message_reports_the_correct_upper_bound_at_the_highest_base()
-    {
+    fn live_pick_port_exhausted_scan_message_reports_the_correct_upper_bound_at_the_highest_base() {
         // Opus review nit: the exhausted-scan message's upper bound used to be computed as
         // `start.saturating_add(100)` in u16 — at the highest base that still passes the
         // overflow guard (`base = 55436`, `start = 65436`), `65436 + 100 = 65536` overflows u16
Diff in /Users/inou/dev/rust/nrgize-rs/src/engine/builtins/sim.rs:676:
         let ctx = shared(fake);
         let e = engine_with(ctx);
         let r = e.eval::<i64>(r#"sim_pick_port("web1", 3000)"#);
-        assert!(r.is_err(), "a missing `nc` must throw, not silently report every port as free");
+        assert!(
+            r.is_err(),
+            "a missing `nc` must throw, not silently report every port as free"
+        );
         let msg = format!("{}", r.unwrap_err());
-        assert!(msg.contains("127") && msg.contains("nc"), "must name the real cause: {msg}");
+        assert!(
+            msg.contains("127") && msg.contains("nc"),
+            "must name the real cause: {msg}"
+        );
     }
 
     #[test]
Diff in /Users/inou/dev/rust/nrgize-rs/src/engine/builtins/sim.rs:689:
         let ctx = shared(fake);
         let e = engine_with(ctx);
         let r = e.eval::<i64>(r#"sim_pick_port("web1", 3000)"#);
-        assert!(r.is_err(), "a local spawn failure must throw, not silently report every port as free");
+        assert!(
+            r.is_err(),
+            "a local spawn failure must throw, not silently report every port as free"
+        );
     }
 
     #[test]
Diff in /Users/inou/dev/rust/nrgize-rs/src/engine/builtins/sim.rs:698:
         let ctx = shared(fake);
         let e = engine_with(ctx);
         let r = e.eval::<bool>(r#"sim_wait_port("web1", 3000)"#);
-        assert!(r.is_err(), "a missing `nc` must throw, not silently report the port as never open");
+        assert!(
+            r.is_err(),
+            "a missing `nc` must throw, not silently report the port as never open"
+        );
     }
 
     #[test]
Diff in /Users/inou/dev/rust/nrgize-rs/src/engine/builtins/sim.rs:710:
         let ctx = shared(fake);
         let e = engine_with(ctx);
         let r = e.eval::<i64>(r#"sim_pick_port("web1", 3000)"#);
-        assert!(r.is_err(), "an ssh transport failure must throw, not silently report every port as free");
+        assert!(
+            r.is_err(),
+            "an ssh transport failure must throw, not silently report every port as free"
+        );
     }
 
     #[test]
Diff in /Users/inou/dev/rust/nrgize-rs/src/engine/builtins/sim.rs:719:
         let ctx = shared(fake);
         let e = engine_with(ctx);
         let r = e.eval::<bool>(r#"sim_wait_port("web1", 3000)"#);
-        assert!(r.is_err(), "an ssh transport failure must throw, not silently report the port as never open");
+        assert!(
+            r.is_err(),
+            "an ssh transport failure must throw, not silently report the port as never open"
+        );
     }
 
     #[test]
Diff in /Users/inou/dev/rust/nrgize-rs/src/engine/builtins/sim.rs:748:
         let ctx = shared(fake);
         let e = engine_with(ctx);
         let r = e.eval::<bool>(r#"sim_wait_port("web1", 3000)"#);
-        assert!(r.is_err(), "a signal-killed nc probe must throw, not silently report the port as never open");
+        assert!(
+            r.is_err(),
+            "a signal-killed nc probe must throw, not silently report the port as never open"
+        );
     }
 
     #[test]
Diff in /Users/inou/dev/rust/nrgize-rs/src/engine/builtins/sim.rs:761:
         let ctx = shared(fake);
         let e = engine_with(ctx);
         let r = e.eval::<i64>(r#"sim_pick_port("web1", 3000)"#);
-        assert!(r.is_err(), "exit code 129 (the lowest signal-kill encoding) must throw");
+        assert!(
+            r.is_err(),
+            "exit code 129 (the lowest signal-kill encoding) must throw"
+        );
     }
 
     #[test]
Diff in /Users/inou/dev/rust/nrgize-rs/src/engine/builtins/sim.rs:775:
         let ctx = shared(fake);
         let e = engine_with(ctx);
         let r = e.eval::<i64>(r#"sim_pick_port("web1", 3000)"#);
-        assert!(r.is_ok(), "exit code 128 must NOT be misread as a signal-kill: {r:?}");
+        assert!(
+            r.is_ok(),
+            "exit code 128 must NOT be misread as a signal-kill: {r:?}"
+        );
     }
 
     #[test]
Diff in /Users/inou/dev/rust/nrgize-rs/src/engine/builtins/sim.rs:840:
             "must return immediately (no internal retry loop): took {:?}",
             start.elapsed()
         );
-        assert_eq!(fake.calls().len(), 1, "must probe exactly once: {:?}", fake.calls());
+        assert_eq!(
+            fake.calls().len(),
+            1,
+            "must probe exactly once: {:?}",
+            fake.calls()
+        );
     }
 
     #[test]
Diff in /Users/inou/dev/rust/nrgize-rs/src/engine/builtins/sim.rs:853:
         let e = engine_with(ctx);
         let start = std::time::Instant::now();
         let r: bool = e.eval(r#"sim_container_healthy("web1", "app")"#).unwrap();
-        assert!(!r, "an ordinary not-yet-healthy container must report false");
         assert!(
+            !r,
+            "an ordinary not-yet-healthy container must report false"
+        );
+        assert!(
             start.elapsed() < std::time::Duration::from_secs(1),
             "must return immediately (no internal retry loop): took {:?}",
             start.elapsed()
Diff in /Users/inou/dev/rust/nrgize-rs/src/engine/builtins/sim.rs:861:
         );
-        assert_eq!(fake.calls().len(), 1, "must probe exactly once: {:?}", fake.calls());
+        assert_eq!(
+            fake.calls().len(),
+            1,
+            "must probe exactly once: {:?}",
+            fake.calls()
+        );
     }
 
     #[test]
Diff in /Users/inou/dev/rust/nrgize-rs/src/engine/builtins/sim.rs:917:
             )
             .unwrap();
         assert!(r[0].clone().as_bool().unwrap(), "picked port must be open");
-        assert!(!r[1].clone().as_bool().unwrap(), "unpicked port must be closed");
+        assert!(
+            !r[1].clone().as_bool().unwrap(),
+            "unpicked port must be closed"
+        );
     }
 
     #[test]
Diff in /Users/inou/dev/rust/nrgize-rs/src/engine/builtins/sim.rs:967:
         let fake = Arc::new(SshDownRunner);
         let ctx = shared_dry(fake);
         let e = engine_with(ctx.clone());
-        let running: bool = e.eval(r#"sim_container_running("web1", "kamal-proxy")"#).unwrap();
+        let running: bool = e
+            .eval(r#"sim_container_running("web1", "kamal-proxy")"#)
+            .unwrap();
         assert!(!running, "unreachable host -> assume absent, don't throw");
         let plan = ctx.plan.lock().unwrap().clone();
         assert!(
Diff in /Users/inou/dev/rust/nrgize-rs/src/engine/builtins/sim.rs:997:
         let ctx = shared(fake);
         let e = engine_with(ctx);
         let r = e.eval::<bool>(r#"sim_container_running("web1", "app")"#);
-        assert!(r.is_err(), "a missing CLI must throw, not report absent: {r:?}");
+        assert!(
+            r.is_err(),
+            "a missing CLI must throw, not report absent: {r:?}"
+        );
         let msg = format!("{}", r.unwrap_err());
         assert!(msg.contains("exit 127"), "got: {msg}");
-        assert!(msg.contains("is the container runtime installed"), "got: {msg}");
+        assert!(
+            msg.contains("is the container runtime installed"),
+            "got: {msg}"
+        );
     }
 
     #[test]
Diff in /Users/inou/dev/rust/nrgize-rs/src/engine/builtins/sim.rs:1014:
         let ctx = shared(fake);
         let e = engine_with(ctx);
         let r = e.eval::<bool>(r#"sim_container_running("web1", "app")"#);
-        assert!(r.is_err(), "a local spawn failure must throw, not report absent: {r:?}");
+        assert!(
+            r.is_err(),
+            "a local spawn failure must throw, not report absent: {r:?}"
+        );
         let msg = format!("{}", r.unwrap_err());
         assert!(msg.contains("no real exit code"), "got: {msg}");
         assert!(msg.contains("No such file or directory"), "got: {msg}");
Diff in /Users/inou/dev/rust/nrgize-rs/src/engine/builtins/sim.rs:1030:
         let ctx = shared(fake);
         let e = engine_with(ctx);
         let id: String = e.eval(r#"sim_image_id("web1", "myapp:v1")"#).unwrap();
-        assert_eq!(id, "", "a genuinely-absent Podman image must report absent, not throw");
+        assert_eq!(
+            id, "",
+            "a genuinely-absent Podman image must report absent, not throw"
+        );
     }
 
     #[test]
Diff in /Users/inou/dev/rust/nrgize-rs/src/engine/builtins/sim.rs:1064:
         let ctx = shared(fake.clone());
         // Simulate a stale value left in persisted state by a prior run, WITHOUT this run
         // populating `session` (i.e. this run never calls `set_runtime()`).
-        ctx.state.lock().unwrap().set("nrg.runtime.cmd", "podman").unwrap();
+        ctx.state
+            .lock()
+            .unwrap()
+            .set("nrg.runtime.cmd", "podman")
+            .unwrap();
         let e = engine_with(ctx);
         let _running: bool = e.eval(r#"sim_container_running("web1", "app")"#).unwrap();
         let calls = fake.calls.lock().unwrap();
Diff in /Users/inou/dev/rust/nrgize-rs/src/engine/builtins/sim.rs:1081:
         let ctx = shared_dry(fake.clone());
         let e = engine_with(ctx);
         let r: rhai::Array = e
-            .eval(
-                r#"[sim_container_running("web1", "app"), sim_container_running("web1", "app")]"#,
-            )
+            .eval(r#"[sim_container_running("web1", "app"), sim_container_running("web1", "app")]"#)
             .unwrap();
         assert!(r[0].clone().as_bool().unwrap());
         assert!(r[1].clone().as_bool().unwrap());
Diff in /Users/inou/dev/rust/nrgize-rs/src/engine/builtins/sim.rs:1101:
     }
     impl CommandRunner for TrueRunner {
         fn run_ssh(&self, host: &str, cmd: &str) -> RawOutput {
-            self.calls.lock().unwrap().push(format!("ssh {host}: {cmd}"));
+            self.calls
+                .lock()
+                .unwrap()
+                .push(format!("ssh {host}: {cmd}"));
             let stdout = if cmd.contains("State.Running") {
                 "true\n"
             } else if cmd.contains("Health.Status") {
Diff in /Users/inou/dev/rust/nrgize-rs/src/engine/builtins/sim.rs:1109:
             } else {
                 ""
             };
-            RawOutput { stdout: stdout.to_string(), stderr: String::new(), exit_code: 0 }
+            RawOutput {
+                stdout: stdout.to_string(),
+                stderr: String::new(),
+                exit_code: 0,
+            }
         }
         fn run_local(&self, _cmd: &str) -> RawOutput {
-            RawOutput { stdout: String::new(), stderr: String::new(), exit_code: 0 }
+            RawOutput {
+                stdout: String::new(),
+                stderr: String::new(),
+                exit_code: 0,
+            }
         }
         fn run_ssh_stdin(&self, _host: &str, _cmd: &str, _stdin: &str) -> RawOutput {
-            RawOutput { stdout: String::new(), stderr: String::new(), exit_code: 0 }
+            RawOutput {
+                stdout: String::new(),
+                stderr: String::new(),
+                exit_code: 0,
+            }
         }
         fn run_local_stdin(&self, _cmd: &str, _stdin: &str) -> RawOutput {
-            RawOutput { stdout: String::new(), stderr: String::new(), exit_code: 0 }
+            RawOutput {
+                stdout: String::new(),
+                stderr: String::new(),
+                exit_code: 0,
+            }
         }
     }
 
Diff in /Users/inou/dev/rust/nrgize-rs/src/engine/builtins/sim.rs:1133:
             }
         }
         fn run_local(&self, _cmd: &str) -> RawOutput {
-            RawOutput { stdout: String::new(), stderr: String::new(), exit_code: 0 }
+            RawOutput {
+                stdout: String::new(),
+                stderr: String::new(),
+                exit_code: 0,
+            }
         }
         fn run_ssh_stdin(&self, _h: &str, _c: &str, _s: &str) -> RawOutput {
-            RawOutput { stdout: String::new(), stderr: String::new(), exit_code: 0 }
+            RawOutput {
+                stdout: String::new(),
+                stderr: String::new(),
+                exit_code: 0,
+            }
         }
         fn run_local_stdin(&self, _c: &str, _s: &str) -> RawOutput {
-            RawOutput { stdout: String::new(), stderr: String::new(), exit_code: 0 }
+            RawOutput {
+                stdout: String::new(),
+                stderr: String::new(),
+                exit_code: 0,
+            }
         }
     }
 
Diff in /Users/inou/dev/rust/nrgize-rs/src/engine/builtins/sim.rs:1153:
     struct SignalKilledRunner(i64);
     impl CommandRunner for SignalKilledRunner {
         fn run_ssh(&self, _host: &str, _cmd: &str) -> RawOutput {
-            RawOutput { stdout: String::new(), stderr: String::new(), exit_code: self.0 }
+            RawOutput {
+                stdout: String::new(),
+                stderr: String::new(),
+                exit_code: self.0,
+            }
         }
         fn run_local(&self, _cmd: &str) -> RawOutput {
-            RawOutput { stdout: String::new(), stderr: String::new(), exit_code: 0 }
+            RawOutput {
+                stdout: String::new(),
+                stderr: String::new(),
+                exit_code: 0,
+            }
         }
         fn run_ssh_stdin(&self, _h: &str, _c: &str, _s: &str) -> RawOutput {
-            RawOutput { stdout: String::new(), stderr: String::new(), exit_code: 0 }
+            RawOutput {
+                stdout: String::new(),
+                stderr: String::new(),
+                exit_code: 0,
+            }
         }
         fn run_local_stdin(&self, _c: &str, _s: &str) -> RawOutput {
-            RawOutput { stdout: String::new(), stderr: String::new(), exit_code: 0 }
+            RawOutput {
+                stdout: String::new(),
+                stderr: String::new(),
+                exit_code: 0,
+            }
         }
     }
 
Diff in /Users/inou/dev/rust/nrgize-rs/src/engine/builtins/sim.rs:1177:
             }
         }
         fn run_local(&self, _cmd: &str) -> RawOutput {
-            RawOutput { stdout: String::new(), stderr: String::new(), exit_code: 0 }
+            RawOutput {
+                stdout: String::new(),
+                stderr: String::new(),
+                exit_code: 0,
+            }
         }
         fn run_ssh_stdin(&self, _h: &str, _c: &str, _s: &str) -> RawOutput {
-            RawOutput { stdout: String::new(), stderr: String::new(), exit_code: 0 }
+            RawOutput {
+                stdout: String::new(),
+                stderr: String::new(),
+                exit_code: 0,
+            }
         }
         fn run_local_stdin(&self, _c: &str, _s: &str) -> RawOutput {
-            RawOutput { stdout: String::new(), stderr: String::new(), exit_code: 0 }
+            RawOutput {
+                stdout: String::new(),
+                stderr: String::new(),
+                exit_code: 0,
+            }
         }
     }
 
Diff in /Users/inou/dev/rust/nrgize-rs/src/engine/builtins/sim.rs:1200:
             }
         }
         fn run_local(&self, _cmd: &str) -> RawOutput {
-            RawOutput { stdout: String::new(), stderr: String::new(), exit_code: 0 }
+            RawOutput {
+                stdout: String::new(),
+                stderr: String::new(),
+                exit_code: 0,
+            }
         }
         fn run_ssh_stdin(&self, _h: &str, _c: &str, _s: &str) -> RawOutput {
-            RawOutput { stdout: String::new(), stderr: String::new(), exit_code: 0 }
+            RawOutput {
+                stdout: String::new(),
+                stderr: String::new(),
+                exit_code: 0,
+            }
         }
         fn run_local_stdin(&self, _c: &str, _s: &str) -> RawOutput {
-            RawOutput { stdout: String::new(), stderr: String::new(), exit_code: 0 }
+            RawOutput {
+                stdout: String::new(),
+                stderr: String::new(),
+                exit_code: 0,
+            }
         }
     }
 
Diff in /Users/inou/dev/rust/nrgize-rs/src/engine/builtins/sim.rs:1225:
             }
         }
         fn run_local(&self, _cmd: &str) -> RawOutput {
-            RawOutput { stdout: String::new(), stderr: String::new(), exit_code: 0 }
+            RawOutput {
+                stdout: String::new(),
+                stderr: String::new(),
+                exit_code: 0,
+            }
         }
         fn run_ssh_stdin(&self, _h: &str, _c: &str, _s: &str) -> RawOutput {
-            RawOutput { stdout: String::new(), stderr: String::new(), exit_code: 0 }
+            RawOutput {
+                stdout: String::new(),
+                stderr: String::new(),
+                exit_code: 0,
+            }
         }
         fn run_local_stdin(&self, _c: &str, _s: &str) -> RawOutput {
-            RawOutput { stdout: String::new(), stderr: String::new(), exit_code: 0 }
+            RawOutput {
+                stdout: String::new(),
+                stderr: String::new(),
+                exit_code: 0,
+            }
         }
     }
 
Diff in /Users/inou/dev/rust/nrgize-rs/src/engine/builtins/sim.rs:1248:
             }
         }
         fn run_local(&self, _cmd: &str) -> RawOutput {
-            RawOutput { stdout: String::new(), stderr: String::new(), exit_code: 0 }
+            RawOutput {
+                stdout: String::new(),
+                stderr: String::new(),
+                exit_code: 0,
+            }
         }
         fn run_ssh_stdin(&self, _h: &str, _c: &str, _s: &str) -> RawOutput {
-            RawOutput { stdout: String::new(), stderr: String::new(), exit_code: 0 }
+            RawOutput {
+                stdout: String::new(),
+                stderr: String::new(),
+                exit_code: 0,
+            }
         }
         fn run_local_stdin(&self, _c: &str, _s: &str) -> RawOutput {
-            RawOutput { stdout: String::new(), stderr: String::new(), exit_code: 0 }
+            RawOutput {
+                stdout: String::new(),
+                stderr: String::new(),
+                exit_code: 0,
+            }
         }
     }
 
Diff in /Users/inou/dev/rust/nrgize-rs/src/engine/builtins/sim.rs:1262:
     struct BusyPortRunner;
     impl CommandRunner for BusyPortRunner {
         fn run_ssh(&self, _host: &str, _cmd: &str) -> RawOutput {
-            RawOutput { stdout: String::new(), stderr: String::new(), exit_code: 0 }
+            RawOutput {
+                stdout: String::new(),
+                stderr: String::new(),
+                exit_code: 0,
+            }
         }
         fn run_local(&self, _cmd: &str) -> RawOutput {
-            RawOutput { stdout: String::new(), stderr: String::new(), exit_code: 0 }
+            RawOutput {
+                stdout: String::new(),
+                stderr: String::new(),
+                exit_code: 0,
+            }
         }
         fn run_ssh_stdin(&self, _h: &str, _c: &str, _s: &str) -> RawOutput {
-            RawOutput { stdout: String::new(), stderr: String::new(), exit_code: 0 }
+            RawOutput {
+                stdout: String::new(),
+                stderr: String::new(),
+                exit_code: 0,
+            }
         }
         fn run_local_stdin(&self, _c: &str, _s: &str) -> RawOutput {
-            RawOutput { stdout: String::new(), stderr: String::new(), exit_code: 0 }
+            RawOutput {
+                stdout: String::new(),
+                stderr: String::new(),
+                exit_code: 0,
+            }
         }
     }
 }
Diff in /Users/inou/dev/rust/nrgize-rs/src/engine/builtins/state.rs:48:
                     // already uses for its (equally sensitive) body.
                     ctx.record("state", None, format!("{key} = <{} bytes>", value.len()));
                 }
-                ctx.state.lock().unwrap().set(key, value).map_err(|e| e.into())
+                ctx.state
+                    .lock()
+                    .unwrap()
+                    .set(key, value)
+                    .map_err(|e| e.into())
             },
         );
     }
Diff in /Users/inou/dev/rust/nrgize-rs/src/engine/builtins/state.rs:85:
     {
         let ctx = ctx.clone();
         engine.register_fn("nrg_dest", move || -> String {
-            store(&ctx).lock().unwrap().dest().unwrap_or_else(|| "default".to_string())
+            store(&ctx)
+                .lock()
+                .unwrap()
+                .dest()
+                .unwrap_or_else(|| "default".to_string())
         });
     }
     // session_set(key, value) / session_get(key) / has_session(key) — an EPHEMERAL, in-memory
Diff in /Users/inou/dev/rust/nrgize-rs/src/engine/builtins/state.rs:97:
     {
         let ctx = ctx.clone();
         engine.register_fn("session_set", move |key: &str, value: &str| {
-            ctx.session.lock().unwrap().insert(key.to_string(), value.to_string());
+            ctx.session
+                .lock()
+                .unwrap()
+                .insert(key.to_string(), value.to_string());
         });
     }
     {
Diff in /Users/inou/dev/rust/nrgize-rs/src/engine/builtins/state.rs:194:
         let mut e = Engine::new();
         register(&mut e, ctx.clone());
         let value = "postgres://app:p%40ssw0rd%231@db:5432/app_production";
-        e.run(&format!(r#"state_set("app.config", "{value}");"#)).unwrap();
+        e.run(&format!(r#"state_set("app.config", "{value}");"#))
+            .unwrap();
         let plan = ctx.plan.lock().unwrap().clone();
         assert_eq!(plan.len(), 1);
-        assert_eq!(plan[0].detail, format!("app.config = <{} bytes>", value.len()));
-        assert!(!plan[0].detail.contains("p%40ssw0rd%231"), "encoded secret leaked into the plan");
+        assert_eq!(
+            plan[0].detail,
+            format!("app.config = <{} bytes>", value.len())
+        );
+        assert!(
+            !plan[0].detail.contains("p%40ssw0rd%231"),
+            "encoded secret leaked into the plan"
+        );
         // The stored value itself is untouched — only the PLAN text elides it.
-        assert_eq!(ctx.state.lock().unwrap().get("app.config").as_deref(), Some(value));
+        assert_eq!(
+            ctx.state.lock().unwrap().get("app.config").as_deref(),
+            Some(value)
+        );
     }
 
     #[test]
Diff in /Users/inou/dev/rust/nrgize-rs/src/engine/builtins/state.rs:237:
         // though it shares a key namespace with state_set (e.g. "nrg.runtime.cmd").
         let tmp = tempfile::tempdir().unwrap();
         let (e, _ctx) = engine_with_disk(tmp.path());
-        e.run(r#"session_set("nrg.runtime.cmd", "podman");"#).unwrap();
+        e.run(r#"session_set("nrg.runtime.cmd", "podman");"#)
+            .unwrap();
         // Nothing was ever written to .energize/ — session_set has no disk side effect at all.
         assert!(!tmp.path().join(".energize").join("state.json").exists());
         // A fresh StateStore load (simulating a later, separate invocation) never sees it.
Diff in /Users/inou/dev/rust/nrgize-rs/src/engine/builtins/state.rs:256:
     #[test]
     fn nrg_dest_reports_the_active_destination() {
         let tmp = tempfile::tempdir().unwrap();
-        let store = StateStore::load(tmp.path()).unwrap().with_dest(Some("staging".to_string()));
+        let store = StateStore::load(tmp.path())
+            .unwrap()
+            .with_dest(Some("staging".to_string()));
         let ctx = shared_with_state(FakeRunner::shared(), store, EffectMode::Live);
         let mut e = Engine::new();
         register(&mut e, ctx.clone());
Diff in /Users/inou/dev/rust/nrgize-rs/src/engine/builtins/util.rs:12:
     // element is stringified (string elements pass through; numbers/bools coerce).
     engine.register_fn("join", |arr: Array, sep: &str| -> String {
         arr.iter()
-            .map(|d| {
-                d.clone()
-                    .into_string()
-                    .unwrap_or_else(|_| d.to_string())
-            })
+            .map(|d| d.clone().into_string().unwrap_or_else(|_| d.to_string()))
             .collect::<Vec<_>>()
             .join(sep)
     });
Diff in /Users/inou/dev/rust/nrgize-rs/src/engine/builtins/util.rs:33:
     }
 
     // nrg_env — required env var; aborts the script (throws) if unset.
-    engine.register_fn("nrg_env", |name: &str| -> Result<String, Box<EvalAltResult>> {
-        std::env::var(name).map_err(|_| format!("required env var not set: {name}").into())
-    });
+    engine.register_fn(
+        "nrg_env",
+        |name: &str| -> Result<String, Box<EvalAltResult>> {
+            std::env::var(name).map_err(|_| format!("required env var not set: {name}").into())
+        },
+    );
 
     // env_or — env var with a fallback default.
     engine.register_fn("env_or", |name: &str, default: &str| -> String {
Diff in /Users/inou/dev/rust/nrgize-rs/src/engine/builtins/util.rs:141:
     #[test]
     fn join_concatenates_string_elements_with_separator() {
         let e = engine();
-        let v: String = e.eval(r#"join(["-p", "80:80", "-p", "443:443"], " ")"#).unwrap();
+        let v: String = e
+            .eval(r#"join(["-p", "80:80", "-p", "443:443"], " ")"#)
+            .unwrap();
         assert_eq!(v, "-p 80:80 -p 443:443");
     }
 
Diff in /Users/inou/dev/rust/nrgize-rs/src/engine/builtins/util.rs:172:
         let v: String = e.eval(r#"url_encode("p@ss:w/rd#1")"#).unwrap();
         assert_eq!(v, "p%40ss%3Aw%2Frd%231");
         // Unreserved chars pass through untouched.
-        assert_eq!(e.eval::<String>(r#"url_encode("aZ0-_.~")"#).unwrap(), "aZ0-_.~");
+        assert_eq!(
+            e.eval::<String>(r#"url_encode("aZ0-_.~")"#).unwrap(),
+            "aZ0-_.~"
+        );
     }
 
     #[test]
Diff in /Users/inou/dev/rust/nrgize-rs/src/engine/builtins/util.rs:187:
         let url: String = e
             .eval(r#""postgres://app:" + url_encode("p@ssw0rd#1") + "@db:5432/app_production""#)
             .unwrap();
-        assert!(url.contains("p%40ssw0rd%231"), "the caller still gets the real value: {url}");
-        assert_eq!(ctx.redacted(&url), "postgres://app:***@db:5432/app_production");
+        assert!(
+            url.contains("p%40ssw0rd%231"),
+            "the caller still gets the real value: {url}"
+        );
+        assert_eq!(
+            ctx.redacted(&url),
+            "postgres://app:***@db:5432/app_production"
+        );
     }
 
     #[test]
Diff in /Users/inou/dev/rust/nrgize-rs/src/engine/context.rs:118:
 /// non-state command path.
 #[allow(dead_code)]
 pub fn shared(runner: Arc<dyn CommandRunner>) -> SharedCtx {
-    Arc::new(RunCtx::build(runner, StateStore::ephemeral(), EffectMode::Live))
+    Arc::new(RunCtx::build(
+        runner,
+        StateStore::ephemeral(),
+        EffectMode::Live,
+    ))
 }
 
 /// Shared context with an EPHEMERAL store in DryRun mode (tests + the dry-run path).
Diff in /Users/inou/dev/rust/nrgize-rs/src/engine/context.rs:125:
 #[allow(dead_code)]
 pub fn shared_dry(runner: Arc<dyn CommandRunner>) -> SharedCtx {
-    Arc::new(RunCtx::build(runner, StateStore::ephemeral(), EffectMode::DryRun))
+    Arc::new(RunCtx::build(
+        runner,
+        StateStore::ephemeral(),
+        EffectMode::DryRun,
+    ))
 }
 
 /// Shared context with a real, loaded on-disk store in the given mode (used by `nrg exec`).
Diff in /Users/inou/dev/rust/nrgize-rs/src/engine/eval.rs:128:
         let mut arities: Vec<usize> = defined;
         arities.sort_unstable();
         arities.dedup();
-        let arities = arities.iter().map(|n| n.to_string()).collect::<Vec<_>>().join(" or ");
+        let arities = arities
+            .iter()
+            .map(|n| n.to_string())
+            .collect::<Vec<_>>()
+            .join(" or ");
         return Err(format!(
             "function `{fn_name}` expects {arities} argument(s), but {} were given. \
              (Nothing was run.)",
Diff in /Users/inou/dev/rust/nrgize-rs/src/engine/eval.rs:270:
     let proxy_module = match proxy_kind {
         "caddy" => "caddy",
         "kamal" => "proxy",
-        other => return Err(format!("unknown proxy backend {other:?} (expected \"kamal\" or \"caddy\")")),
+        other => {
+            return Err(format!(
+                "unknown proxy backend {other:?} (expected \"kamal\" or \"caddy\")"
+            ))
+        }
     };
     let vendored = root.join("lib").join("deploy.rhai").exists();
     let secrets = ctx.secrets.clone();
Diff in /Users/inou/dev/rust/nrgize-rs/src/engine/eval.rs:278:
     crate::engine::stdlib::install(&mut engine, root.to_path_buf());
 
     let first_prefix = if vendored { "lib" } else { "std" };
-    let result = attempt_setup(&engine, hosts, proxy_version, network, first_prefix, proxy_module)?;
+    let result = attempt_setup(
+        &engine,
+        hosts,
+        proxy_version,
+        network,
+        first_prefix,
+        proxy_module,
+    )?;
 
     let result = match result {
         Err(e) if vendored && is_module_not_found(&e) => {
Diff in /Users/inou/dev/rust/nrgize-rs/src/engine/eval.rs:313:
     let mut scope = Scope::new();
     let hosts_arr: rhai::Array = hosts.iter().cloned().map(rhai::Dynamic::from).collect();
     scope.push("__nrg_hosts", hosts_arr);
-    scope.push("__nrg_proxy_version", proxy_version.unwrap_or("").to_string());
+    scope.push(
+        "__nrg_proxy_version",
+        proxy_version.unwrap_or("").to_string(),
+    );
     scope.push("__nrg_network", network.unwrap_or("").to_string());
 
     let source = format!(
Diff in /Users/inou/dev/rust/nrgize-rs/src/engine/eval.rs:346:
 fn is_module_not_found(err: &rhai::EvalAltResult) -> bool {
     match err {
         rhai::EvalAltResult::ErrorModuleNotFound(name, _) => {
-            crate::engine::stdlib::embedded_modules().iter().any(|(m, _)| *name == format!("lib/{m}"))
+            crate::engine::stdlib::embedded_modules()
+                .iter()
+                .any(|(m, _)| *name == format!("lib/{m}"))
         }
         rhai::EvalAltResult::ErrorInModule(_, inner, _) => is_module_not_found(inner),
         _ => false,
Diff in /Users/inou/dev/rust/nrgize-rs/src/engine/eval.rs:406:
         #[cfg(unix)]
         std::os::unix::fs::symlink(&repo_lib, dir.path().join("lib")).unwrap();
         let main = dir.path().join("Energize.rhai");
-        fs::write(&main, r#"import "lib/caddy" as proxy; proxy::proxy_boot("host1", #{});"#).unwrap();
+        fs::write(
+            &main,
+            r#"import "lib/caddy" as proxy; proxy::proxy_boot("host1", #{});"#,
+        )
+        .unwrap();
 
         let fake = FakeRunner::shared();
         fake.fail_cmd("host1", "cat > ", 1, "Permission denied");
Diff in /Users/inou/dev/rust/nrgize-rs/src/engine/eval.rs:499:
         // Run 1: explicitly configure podman. This should persist to disk (so nrg status/logs/
         // app exec can later recover it) — verified below.
         let main1 = dir.path().join("configure.rhai");
-        fs::write(&main1, r#"import "lib/runtime" as rt; rt::set_runtime("podman");"#).unwrap();
+        fs::write(
+            &main1,
+            r#"import "lib/runtime" as rt; rt::set_runtime("podman");"#,
+        )
+        .unwrap();
         let store1 = StateStore::load(dir.path()).unwrap();
         let ctx1 = shared_with_state(FakeRunner::shared(), store1, EffectMode::Live);
         run_file(&main1, ctx1).unwrap();
Diff in /Users/inou/dev/rust/nrgize-rs/src/engine/eval.rs:603:
         run_file(&main2, ctx2).unwrap();
 
         assert!(
-            fake2.calls().iter().any(|c| c.contains("docker run") || c.contains("docker pull")),
+            fake2
+                .calls()
+                .iter()
+                .any(|c| c.contains("docker run") || c.contains("docker pull")),
             "the second deploy must actually use docker: {:?}",
             fake2.calls()
         );
Diff in /Users/inou/dev/rust/nrgize-rs/src/engine/eval.rs:727:
         let fake = FakeRunner::shared();
         let ctx = shared(fake.clone());
         run_file(&main, ctx.clone()).unwrap();
-        assert_eq!(ctx.state.lock().unwrap().get("passed").as_deref(), Some("true"));
+        assert_eq!(
+            ctx.state.lock().unwrap().get("passed").as_deref(),
+            Some("true")
+        );
     }
 
     #[test]
Diff in /Users/inou/dev/rust/nrgize-rs/src/engine/eval.rs:779:
         let fake = FakeRunner::shared();
         let ctx = shared(fake.clone());
         run_file(&main, ctx.clone()).unwrap();
-        assert_eq!(ctx.state.lock().unwrap().get("passed").as_deref(), Some("true"));
+        assert_eq!(
+            ctx.state.lock().unwrap().get("passed").as_deref(),
+            Some("true")
+        );
     }
 
     #[test]
Diff in /Users/inou/dev/rust/nrgize-rs/src/engine/eval.rs:803:
         .unwrap();
 
         let fake = FakeRunner::shared();
-        fake.fail_cmd("host1", "container prune", 1, "ssh: connection reset by peer");
+        fake.fail_cmd(
+            "host1",
+            "container prune",
+            1,
+            "ssh: connection reset by peer",
+        );
         let ctx = shared(fake.clone());
         run_file(&main, ctx.clone()).unwrap();
 
Diff in /Users/inou/dev/rust/nrgize-rs/src/engine/eval.rs:814:
              later image-prune succeeded"
         );
         let calls = fake.calls();
-        assert!(calls.iter().any(|c| c.contains("container prune")), "{calls:?}");
+        assert!(
+            calls.iter().any(|c| c.contains("container prune")),
+            "{calls:?}"
+        );
         assert!(calls.iter().any(|c| c.contains("image prune")), "{calls:?}");
     }
 
Diff in /Users/inou/dev/rust/nrgize-rs/src/engine/eval.rs:863:
             Some("1"),
             "exactly one tag (v8) should have been removed"
         );
-        assert_eq!(state.get("prune.removed.0").as_deref(), Some("ghcr.io/org/app:v8"));
+        assert_eq!(
+            state.get("prune.removed.0").as_deref(),
+            Some("ghcr.io/org/app:v8")
+        );
 
         let calls = fake.calls();
         assert!(
Diff in /Users/inou/dev/rust/nrgize-rs/src/engine/eval.rs:879:
             "v7 (explicitly protected) must survive despite being the oldest: {calls:?}"
         );
         assert!(
-            !calls.iter().any(|c| c.contains("rmi") && c.contains("<none>")),
+            !calls
+                .iter()
+                .any(|c| c.contains("rmi") && c.contains("<none>")),
             "the dangling <none> tag must never be targeted by this function: {calls:?}"
         );
     }
Diff in /Users/inou/dev/rust/nrgize-rs/src/engine/eval.rs:955:
         .unwrap();
 
         let mut fake_inner = FakeRunner::new();
-        fake_inner.default = RawOutput { stdout: "true".to_string(), stderr: String::new(), exit_code: 0 };
+        fake_inner.default = RawOutput {
+            stdout: "true".to_string(),
+            stderr: String::new(),
+            exit_code: 0,
+        };
         let fake = Arc::new(fake_inner);
         let err = run_file(&main, shared(fake.clone())).unwrap_err();
         assert!(err.contains("Cannot determine"), "got: {err}");
Diff in /Users/inou/dev/rust/nrgize-rs/src/engine/eval.rs:997:
 
         let fake = FakeRunner::shared();
         let err = run_file(&main, shared(fake.clone())).unwrap_err();
-        assert!(!err.contains("Cannot determine"), "the guard must NOT fire here: {err}");
-        assert!(err.contains("no free host port"), "expected to reach port-picking: got: {err}");
         assert!(
+            !err.contains("Cannot determine"),
+            "the guard must NOT fire here: {err}"
+        );
+        assert!(
+            err.contains("no free host port"),
+            "expected to reach port-picking: got: {err}"
+        );
+        assert!(
             fake.calls().iter().any(|c| c.contains("nc -z")),
             "must have reached port-picking (proving old_target fell through cleanly): {:?}",
             fake.calls()
Diff in /Users/inou/dev/rust/nrgize-rs/src/engine/eval.rs:1020:
     impl crate::engine::runner::CommandRunner for StartsThenStaysUpRunner {
         fn run_ssh(&self, _host: &str, cmd: &str) -> RawOutput {
             if cmd.contains("inspect -f '{{.State.Running}}'") {
-                let n = self.inspect_calls.fetch_add(1, std::sync::atomic::Ordering::SeqCst);
+                let n = self
+                    .inspect_calls
+                    .fetch_add(1, std::sync::atomic::Ordering::SeqCst);
                 let running = n >= 1;
-                return RawOutput { stdout: running.to_string(), stderr: String::new(), exit_code: 0 };
+                return RawOutput {
+                    stdout: running.to_string(),
+                    stderr: String::new(),
+                    exit_code: 0,
+                };
             }
-            RawOutput { stdout: String::new(), stderr: String::new(), exit_code: 0 }
+            RawOutput {
+                stdout: String::new(),
+                stderr: String::new(),
+                exit_code: 0,
+            }
         }
         fn run_local(&self, _cmd: &str) -> RawOutput {
-            RawOutput { stdout: String::new(), stderr: String::new(), exit_code: 0 }
+            RawOutput {
+                stdout: String::new(),
+                stderr: String::new(),
+                exit_code: 0,
+            }
         }
         fn run_ssh_stdin(&self, _h: &str, _c: &str, _s: &str) -> RawOutput {
-            RawOutput { stdout: String::new(), stderr: String::new(), exit_code: 0 }
+            RawOutput {
+                stdout: String::new(),
+                stderr: String::new(),
+                exit_code: 0,
+            }
         }
         fn run_local_stdin(&self, _c: &str, _s: &str) -> RawOutput {
-            RawOutput { stdout: String::new(), stderr: String::new(), exit_code: 0 }
+            RawOutput {
+                stdout: String::new(),
+                stderr: String::new(),
+                exit_code: 0,
+            }
         }
     }
 
Diff in /Users/inou/dev/rust/nrgize-rs/src/engine/eval.rs:1058:
         let ctx = crate::engine::context::shared_dry(FakeRunner::shared());
         run_file(&main, ctx.clone()).unwrap();
         let plan = ctx.plan.lock().unwrap().clone();
-        let rm_pos = plan.iter().position(|a| a.detail.contains("rm -f") && a.detail.contains("redis"));
-        let run_pos = plan.iter().position(|a| a.detail.contains("run -d") && a.detail.contains("redis"));
-        assert!(rm_pos.is_some() && run_pos.is_some(), "missing rm -f or run -d in plan: {plan:?}");
+        let rm_pos = plan
+            .iter()
+            .position(|a| a.detail.contains("rm -f") && a.detail.contains("redis"));
+        let run_pos = plan
+            .iter()
+            .position(|a| a.detail.contains("run -d") && a.detail.contains("redis"));
         assert!(
+            rm_pos.is_some() && run_pos.is_some(),
+            "missing rm -f or run -d in plan: {plan:?}"
+        );
+        assert!(
             rm_pos.unwrap() < run_pos.unwrap(),
             "the idempotent rm -f must run BEFORE docker run --name: {plan:?}"
         );
Diff in /Users/inou/dev/rust/nrgize-rs/src/engine/eval.rs:1087:
 
         let fake = FakeRunner::shared();
         let err = run_file(&main, shared(fake.clone())).unwrap_err();
-        assert!(err.contains("exited immediately after starting"), "got: {err}");
+        assert!(
+            err.contains("exited immediately after starting"),
+            "got: {err}"
+        );
         assert!(err.contains("redis"), "got: {err}");
         assert!(err.contains("robustness review R10b"), "got: {err}");
     }
Diff in /Users/inou/dev/rust/nrgize-rs/src/engine/eval.rs:1107:
         )
         .unwrap();
 
-        let fake = Arc::new(StartsThenStaysUpRunner { inspect_calls: std::sync::atomic::AtomicUsize::new(0) });
+        let fake = Arc::new(StartsThenStaysUpRunner {
+            inspect_calls: std::sync::atomic::AtomicUsize::new(0),
+        });
         run_file(&main, shared(fake.clone())).unwrap();
         // Opus review: without this, the test would pass VACUOUSLY if the mock ever degenerated
         // to reporting "running" on its FIRST call too — accessory_run would then take the
Diff in /Users/inou/dev/rust/nrgize-rs/src/engine/eval.rs:1152:
         assert_eq!(state.get("failed.len").as_deref(), Some("1"));
         let msg = state.get("failed.0").unwrap();
         assert!(msg.contains("host2"), "got: {msg}");
-        assert!(msg.contains("boom: cache backend unreachable"), "got: {msg}");
+        assert!(
+            msg.contains("boom: cache backend unreachable"),
+            "got: {msg}"
+        );
 
         // BOTH hosts must still have been attempted — a failure on host2 must not stop host1 (or
         // vice versa if ordering were reversed): this is what "best-effort" means.
Diff in /Users/inou/dev/rust/nrgize-rs/src/engine/eval.rs:1159:
         let calls = fake.calls();
-        assert!(calls.iter().any(|c| c.contains("host1")),
-            "host1 must still have been attempted: {calls:?}");
-        assert!(calls.iter().any(|c| c.contains("host2")), "host2 must still have been attempted: {calls:?}");
+        assert!(
+            calls.iter().any(|c| c.contains("host1")),
+            "host1 must still have been attempted: {calls:?}"
+        );
+        assert!(
+            calls.iter().any(|c| c.contains("host2")),
+            "host2 must still have been attempted: {calls:?}"
+        );
     }
 
     #[test]
Diff in /Users/inou/dev/rust/nrgize-rs/src/engine/eval.rs:1183:
         let ctx = shared(fake.clone());
         run_file(&main, ctx.clone()).unwrap();
 
-        assert_eq!(ctx.state.lock().unwrap().get("failed.len").as_deref(), Some("0"));
+        assert_eq!(
+            ctx.state.lock().unwrap().get("failed.len").as_deref(),
+            Some("0")
+        );
     }
 
     #[test]
Diff in /Users/inou/dev/rust/nrgize-rs/src/engine/eval.rs:1200:
         #[cfg(unix)]
         std::os::unix::fs::symlink(&repo_lib, dir.path().join("lib")).unwrap();
         let main = dir.path().join("Energize.rhai");
-        fs::write(&main, r#"import "lib/proxy" as proxy; proxy::proxy_boot("host1", #{});"#).unwrap();
+        fs::write(
+            &main,
+            r#"import "lib/proxy" as proxy; proxy::proxy_boot("host1", #{});"#,
+        )
+        .unwrap();
 
         let fake = FakeRunner::shared();
-        fake.fail_cmd("host1", "pull 'basecamp/kamal-proxy", 1, "rate limit exceeded");
+        fake.fail_cmd(
+            "host1",
+            "pull 'basecamp/kamal-proxy",
+            1,
+            "rate limit exceeded",
+        );
         let err = run_file(&main, shared(fake.clone())).unwrap_err();
         assert!(err.contains("Failed to pull"), "got: {err}");
         assert!(err.contains("basecamp/kamal-proxy"), "got: {err}");
Diff in /Users/inou/dev/rust/nrgize-rs/src/engine/eval.rs:1222:
         #[cfg(unix)]
         std::os::unix::fs::symlink(&repo_lib, dir.path().join("lib")).unwrap();
         let main = dir.path().join("Energize.rhai");
-        fs::write(&main, r#"import "lib/caddy" as proxy; proxy::proxy_boot("host1", #{});"#).unwrap();
+        fs::write(
+            &main,
+            r#"import "lib/caddy" as proxy; proxy::proxy_boot("host1", #{});"#,
+        )
+        .unwrap();
 
         let fake = FakeRunner::shared();
         fake.fail_cmd("host1", "pull 'caddy:2", 1, "rate limit exceeded");
Diff in /Users/inou/dev/rust/nrgize-rs/src/engine/eval.rs:1248:
 
         let fake = FakeRunner::shared();
         let hosts = vec!["web1".to_string(), "web2".to_string()];
-        run_setup(dir.path(), &hosts, "kamal", None, Some("mynet"), shared(fake.clone())).unwrap();
+        run_setup(
+            dir.path(),
+            &hosts,
+            "kamal",
+            None,
+            Some("mynet"),
+            shared(fake.clone()),
+        )
+        .unwrap();
 
         let calls = fake.calls();
         assert!(
Diff in /Users/inou/dev/rust/nrgize-rs/src/engine/eval.rs:1255:
-            calls.iter().any(|c| c.contains("web1") && c.contains("network create 'mynet'")),
+            calls
+                .iter()
+                .any(|c| c.contains("web1") && c.contains("network create 'mynet'")),
             "must create the network on web1: {calls:?}"
         );
         assert!(
Diff in /Users/inou/dev/rust/nrgize-rs/src/engine/eval.rs:1259:
-            calls.iter().any(|c| c.contains("web2") && c.contains("network create 'mynet'")),
+            calls
+                .iter()
+                .any(|c| c.contains("web2") && c.contains("network create 'mynet'")),
             "must create the network on web2: {calls:?}"
         );
         assert!(
Diff in /Users/inou/dev/rust/nrgize-rs/src/engine/eval.rs:1263:
-            calls.iter().any(|c| c.contains("pull 'basecamp/kamal-proxy:latest'")),
+            calls
+                .iter()
+                .any(|c| c.contains("pull 'basecamp/kamal-proxy:latest'")),
             "must boot kamal-proxy (the default backend): {calls:?}"
         );
     }
Diff in /Users/inou/dev/rust/nrgize-rs/src/engine/eval.rs:1274:
 
         let fake = FakeRunner::shared();
         let hosts = vec!["web1".to_string()];
-        run_setup(dir.path(), &hosts, "caddy", Some("2.8.4"), None, shared(fake.clone())).unwrap();
+        run_setup(
+            dir.path(),
+            &hosts,
+            "caddy",
+            Some("2.8.4"),
+            None,
+            shared(fake.clone()),
+        )
+        .unwrap();
 
         let calls = fake.calls();
         assert!(
Diff in /Users/inou/dev/rust/nrgize-rs/src/engine/eval.rs:1325:
         .unwrap();
 
         let fake = FakeRunner::shared();
-        fake.fail_cmd("web1", "network create", 1, "Error response from daemon: network with name mynet already exists");
+        fake.fail_cmd(
+            "web1",
+            "network create",
+            1,
+            "Error response from daemon: network with name mynet already exists",
+        );
         run_file(&main, shared(fake.clone())).unwrap();
     }
 
Diff in /Users/inou/dev/rust/nrgize-rs/src/engine/eval.rs:1394:
         let fake = FakeRunner::shared();
         let ctx = shared(fake.clone());
         run_file(&main, ctx.clone()).unwrap();
-        assert_eq!(ctx.state.lock().unwrap().get("passed").as_deref(), Some("true"));
         assert_eq!(
+            ctx.state.lock().unwrap().get("passed").as_deref(),
+            Some("true")
+        );
+        assert_eq!(
             counter.load(std::sync::atomic::Ordering::SeqCst),
             4,
             "must take exactly 4 requests (200, 500 resets streak, 200, 200) to see 2 CONSECUTIVE \
Diff in /Users/inou/dev/rust/nrgize-rs/src/engine/eval.rs:1427:
         let fake = FakeRunner::shared();
         let ctx = shared(fake.clone());
         run_file(&main, ctx.clone()).unwrap();
-        assert_eq!(ctx.state.lock().unwrap().get("passed").as_deref(), Some("true"));
         assert_eq!(
+            ctx.state.lock().unwrap().get("passed").as_deref(),
+            Some("true")
+        );
+        assert_eq!(
             counter.load(std::sync::atomic::Ordering::SeqCst),
             1,
             "with the default consecutive: 1, must return after exactly ONE passing request"
Diff in /Users/inou/dev/rust/nrgize-rs/src/engine/eval.rs:1461:
         fake.respond_cmd("deploy@web1", "curl -s -o /dev/null", "200");
         let ctx = shared(fake.clone());
         run_file(&main, ctx.clone()).unwrap();
-        assert_eq!(ctx.state.lock().unwrap().get("passed").as_deref(), Some("true"));
+        assert_eq!(
+            ctx.state.lock().unwrap().get("passed").as_deref(),
+            Some("true")
+        );
 
         let calls = fake.calls();
         assert!(
Diff in /Users/inou/dev/rust/nrgize-rs/src/engine/eval.rs:1468:
-            calls.iter().any(|c| c.starts_with("ssh deploy@web1: ") && c.contains("curl")),
+            calls
+                .iter()
+                .any(|c| c.starts_with("ssh deploy@web1: ") && c.contains("curl")),
             "must ssh to the exact alias given, not a hostname derived from it: {calls:?}"
         );
         assert!(
Diff in /Users/inou/dev/rust/nrgize-rs/src/engine/eval.rs:1473:
             "must curl localhost on the host itself, never the alias or a control-machine URL: {calls:?}"
         );
         assert!(
-            !calls.iter().any(|c| c.contains("deploy@web1:3000") || c.contains("http://deploy@web1")),
+            !calls
+                .iter()
+                .any(|c| c.contains("deploy@web1:3000") || c.contains("http://deploy@web1")),
             "must never build an HTTP URL out of the raw ssh alias: {calls:?}"
         );
     }
Diff in /Users/inou/dev/rust/nrgize-rs/src/engine/eval.rs:1495:
         let fake = FakeRunner::shared();
         fake.respond_cmd("web1", "curl -s -o /dev/null", "503");
         let err = run_file(&main, shared(fake.clone())).unwrap_err();
-        assert!(err.contains("Health check failed on web1 after 2 attempts"), "got: {err}");
+        assert!(
+            err.contains("Health check failed on web1 after 2 attempts"),
+            "got: {err}"
+        );
         assert!(err.contains("last status: 503"), "got: {err}");
     }
 
Diff in /Users/inou/dev/rust/nrgize-rs/src/engine/eval.rs:1517:
         .unwrap();
 
         let fake = FakeRunner::shared();
-        fake.fail_cmd("web1", "curl -s -o /dev/null", 255, "ssh: connection refused");
+        fake.fail_cmd(
+            "web1",
+            "curl -s -o /dev/null",
+            255,
+            "ssh: connection refused",
+        );
         let err = run_file(&main, shared(fake.clone())).unwrap_err();
-        assert!(err.contains("Health check failed on web1 after 1 attempts"), "got: {err}");
+        assert!(
+            err.contains("Health check failed on web1 after 1 attempts"),
+            "got: {err}"
+        );
         assert!(err.contains("last status: 0"), "got: {err}");
     }
 
Diff in /Users/inou/dev/rust/nrgize-rs/src/engine/eval.rs:1533:
     impl crate::engine::runner::CommandRunner for FailedExitButNumericStdoutRunner {
         fn run_ssh(&self, _host: &str, cmd: &str) -> RawOutput {
             if cmd.contains("curl -s -o /dev/null") {
-                return RawOutput { stdout: "200".to_string(), stderr: String::new(), exit_code: 1 };
+                return RawOutput {
+                    stdout: "200".to_string(),
+                    stderr: String::new(),
+                    exit_code: 1,
+                };
             }
-            RawOutput { stdout: String::new(), stderr: String::new(), exit_code: 0 }
+            RawOutput {
+                stdout: String::new(),
+                stderr: String::new(),
+                exit_code: 0,
+            }
         }
         fn run_local(&self, _cmd: &str) -> RawOutput {
-            RawOutput { stdout: String::new(), stderr: String::new(), exit_code: 0 }
+            RawOutput {
+                stdout: String::new(),
+                stderr: String::new(),
+                exit_code: 0,
+            }
         }
         fn run_ssh_stdin(&self, _h: &str, _c: &str, _s: &str) -> RawOutput {
-            RawOutput { stdout: String::new(), stderr: String::new(), exit_code: 0 }
+            RawOutput {
+                stdout: String::new(),
+                stderr: String::new(),
+                exit_code: 0,
+            }
         }
         fn run_local_stdin(&self, _c: &str, _s: &str) -> RawOutput {
-            RawOutput { stdout: String::new(), stderr: String::new(), exit_code: 0 }
+            RawOutput {
+                stdout: String::new(),
+                stderr: String::new(),
+                exit_code: 0,
+            }
         }
     }
 
Diff in /Users/inou/dev/rust/nrgize-rs/src/engine/eval.rs:1564:
 
         let ctx = shared(Arc::new(FailedExitButNumericStdoutRunner));
         let err = run_file(&main, ctx).unwrap_err();
-        assert!(err.contains("Health check failed on web1 after 1 attempts"), "got: {err}");
-        assert!(err.contains("last status: 0"), "got: {err} (must not treat a failed ssh_exec as a real 200)");
+        assert!(
+            err.contains("Health check failed on web1 after 1 attempts"),
+            "got: {err}"
+        );
+        assert!(
+            err.contains("last status: 0"),
+            "got: {err} (must not treat a failed ssh_exec as a real 200)"
+        );
     }
 
     /// A fake `CommandRunner` for `wait_healthy_on_host` consecutive-pass tests: the Nth `curl`
Diff in /Users/inou/dev/rust/nrgize-rs/src/engine/eval.rs:1583:
             if cmd.contains("curl -s -o /dev/null") {
                 let n = self.calls.fetch_add(1, std::sync::atomic::Ordering::SeqCst);
                 let status = self.responses[n.min(self.responses.len() - 1)];
-                return RawOutput { stdout: status.to_string(), stderr: String::new(), exit_code: 0 };
+                return RawOutput {
+                    stdout: status.to_string(),
+                    stderr: String::new(),
+                    exit_code: 0,
+                };
             }
-            RawOutput { stdout: String::new(), stderr: String::new(), exit_code: 0 }
+            RawOutput {
+                stdout: String::new(),
+                stderr: String::new(),
+                exit_code: 0,
+            }
         }
         fn run_local(&self, _cmd: &str) -> RawOutput {
-            RawOutput { stdout: String::new(), stderr: String::new(), exit_code: 0 }
+            RawOutput {
+                stdout: String::new(),
+                stderr: String::new(),
+                exit_code: 0,
+            }
         }
         fn run_ssh_stdin(&self, _h: &str, _c: &str, _s: &str) -> RawOutput {
-            RawOutput { stdout: String::new(), stderr: String::new(), exit_code: 0 }
+            RawOutput {
+                stdout: String::new(),
+                stderr: String::new(),
+                exit_code: 0,
+            }
         }
         fn run_local_stdin(&self, _c: &str, _s: &str) -> RawOutput {
-            RawOutput { stdout: String::new(), stderr: String::new(), exit_code: 0 }
+            RawOutput {
+                stdout: String::new(),
+                stderr: String::new(),
+                exit_code: 0,
+            }
         }
     }
 
Diff in /Users/inou/dev/rust/nrgize-rs/src/engine/eval.rs:1627:
         });
         let ctx = shared(runner.clone());
         run_file(&main, ctx.clone()).unwrap();
-        assert_eq!(ctx.state.lock().unwrap().get("passed").as_deref(), Some("true"));
         assert_eq!(
+            ctx.state.lock().unwrap().get("passed").as_deref(),
+            Some("true")
+        );
+        assert_eq!(
             runner.calls.load(std::sync::atomic::Ordering::SeqCst),
             4,
             "must take exactly 4 probes (200, 503 resets streak, 200, 200) to see 2 CONSECUTIVE \
Diff in /Users/inou/dev/rust/nrgize-rs/src/engine/eval.rs:1663:
         fake.respond_cmd("web3", "curl -s -o /dev/null", "200");
         let ctx = shared(fake.clone());
         run_file(&main, ctx.clone()).unwrap();
-        assert_eq!(ctx.state.lock().unwrap().get("passed").as_deref(), Some("true"));
+        assert_eq!(
+            ctx.state.lock().unwrap().get("passed").as_deref(),
+            Some("true")
+        );
 
         let calls = fake.calls();
         for host in ["web1", "web2", "web3"] {
Diff in /Users/inou/dev/rust/nrgize-rs/src/engine/eval.rs:1743:
         let fake = FakeRunner::shared();
         fake.fail_cmd("127.0.0.1", "nc -z", 1, "");
         fake.respond_cmd("127.0.0.1", "curl -s -o /dev/null", "200");
-        fake.fail_cmd("127.0.0.1", "rename", 255, "ssh: broken pipe, connection reset by peer");
+        fake.fail_cmd(
+            "127.0.0.1",
+            "rename",
+            255,
+            "ssh: broken pipe, connection reset by peer",
+        );
 
         let ctx = shared(fake.clone());
         run_file(&main, ctx.clone()).unwrap();
Diff in /Users/inou/dev/rust/nrgize-rs/src/engine/eval.rs:1761:
         // transaction, already committed) genuinely succeeded; only this host's post-commit
         // tidying is in question.
         assert_eq!(state.get("app.version").as_deref(), Some("v9"));
-        assert_eq!(state.get("app.image").as_deref(), Some("ghcr.io/org/app:v9"));
+        assert_eq!(
+            state.get("app.image").as_deref(),
+            Some("ghcr.io/org/app:v9")
+        );
 
         let calls = fake.calls();
         assert!(
Diff in /Users/inou/dev/rust/nrgize-rs/src/engine/eval.rs:2151:
 
         let calls = fake.calls();
         assert!(
-            calls.iter().any(|c| c.contains("mkdir '/tmp/nrg-deploy-lock-app'")),
+            calls
+                .iter()
+                .any(|c| c.contains("mkdir '/tmp/nrg-deploy-lock-app'")),
             "must acquire the lock before doing any work: {calls:?}"
         );
         assert!(
Diff in /Users/inou/dev/rust/nrgize-rs/src/engine/eval.rs:2158:
-            calls.iter().any(|c| c.contains("rm -rf '/tmp/nrg-deploy-lock-app'")),
+            calls
+                .iter()
+                .any(|c| c.contains("rm -rf '/tmp/nrg-deploy-lock-app'")),
             "must release the lock after a successful deploy: {calls:?}"
         );
         // The lock's mkdir must happen BEFORE any real work (here, the pull).
Diff in /Users/inou/dev/rust/nrgize-rs/src/engine/eval.rs:2162:
-        let mkdir_idx = calls.iter().position(|c| c.contains("mkdir '/tmp/nrg-deploy-lock-app'"));
+        let mkdir_idx = calls
+            .iter()
+            .position(|c| c.contains("mkdir '/tmp/nrg-deploy-lock-app'"));
         let pull_idx = calls.iter().position(|c| c.contains("pull "));
         assert!(
             mkdir_idx.unwrap() < pull_idx.unwrap(),
Diff in /Users/inou/dev/rust/nrgize-rs/src/engine/eval.rs:2235:
 
         let calls = fake.calls();
         assert!(
-            calls.iter().any(|c| c.contains("rm -rf '/tmp/nrg-deploy-lock-app'")),
+            calls
+                .iter()
+                .any(|c| c.contains("rm -rf '/tmp/nrg-deploy-lock-app'")),
             "the lock must still be released after a later failure: {calls:?}"
         );
     }
Diff in /Users/inou/dev/rust/nrgize-rs/src/engine/eval.rs:2333:
         // — caught by this review's own mutation testing). The rollback's internal deploy() must
         // add a SECOND v1 pull of its own.
         assert!(
-            calls.iter().filter(|c| c.contains("pull ") && c.contains("v1")).count() >= 2,
+            calls
+                .iter()
+                .filter(|c| c.contains("pull ") && c.contains("v1"))
+                .count()
+                >= 2,
             "the rollback's own internal deploy() call must actually pull v1 on the host again \
              (one v1 pull is just the setup deploy's): {calls:?}"
         );
Diff in /Users/inou/dev/rust/nrgize-rs/src/engine/eval.rs:2456:
         // (backing `nrg tasks`/`nrg doctor`) must lift the cap like `build_engine` does.
         let dir = tempfile::tempdir().unwrap();
         let main = dir.path().join("Energize.rhai");
-        let chain: String = (0..50).map(|i| i.to_string()).collect::<Vec<_>>().join(" + ");
+        let chain: String = (0..50)
+            .map(|i| i.to_string())
+            .collect::<Vec<_>>()
+            .join(" + ");
         fs::write(&main, format!("fn total() {{ {chain} }}")).unwrap();
         let fns = list_functions(&main).unwrap();
         assert!(fns.iter().any(|f| f.name == "total"));
Diff in /Users/inou/dev/rust/nrgize-rs/src/engine/eval.rs:2476:
         let fake = FakeRunner::shared();
         // deploy takes 1 arg; call with 0.
         let err = run_fn(&main, "deploy", &[], shared(fake.clone())).unwrap_err();
-        assert!(err.contains("expects 1") && err.contains("Nothing was run"), "got: {err}");
-        assert!(fake.calls().is_empty(), "the top level must NOT run on an arity mismatch");
+        assert!(
+            err.contains("expects 1") && err.contains("Nothing was run"),
+            "got: {err}"
+        );
+        assert!(
+            fake.calls().is_empty(),
+            "the top level must NOT run on an arity mismatch"
+        );
     }
 
     #[test]
Diff in /Users/inou/dev/rust/nrgize-rs/src/engine/eval.rs:2519:
         let ctx = shared_with_state(fake.clone(), store, EffectMode::Live);
 
         let err = run_rollback(dir.path(), &["host1".to_string()], "app", None, ctx).unwrap_err();
-        assert!(err.contains("no free host port"), "expected to reach port-picking: got: {err}");
+        assert!(
+            err.contains("no free host port"),
+            "expected to reach port-picking: got: {err}"
+        );
 
         let calls = fake.calls();
         assert!(
Diff in /Users/inou/dev/rust/nrgize-rs/src/engine/eval.rs:2526:
-            calls.iter().any(|c| c.contains("pull 'ghcr.io/org/app:v1'")),
+            calls
+                .iter()
+                .any(|c| c.contains("pull 'ghcr.io/org/app:v1'")),
             "must roll back to the snapshotted .prev image (v1) via the embedded stdlib: {calls:?}"
         );
     }
Diff in /Users/inou/dev/rust/nrgize-rs/src/engine/eval.rs:2541:
         )
         .unwrap();
 
-        let err =
-            run_rollback(dir.path(), &["web1".to_string()], "app", None, shared(FakeRunner::shared()))
-                .unwrap_err();
-        assert!(err.contains("CUSTOM VENDORED DEPLOY.RHAI RAN"), "got: {err}");
+        let err = run_rollback(
+            dir.path(),
+            &["web1".to_string()],
+            "app",
+            None,
+            shared(FakeRunner::shared()),
+        )
+        .unwrap_err();
+        assert!(
+            err.contains("CUSTOM VENDORED DEPLOY.RHAI RAN"),
+            "got: {err}"
+        );
     }
 
     #[test]
Diff in /Users/inou/dev/rust/nrgize-rs/src/engine/eval.rs:2562:
         let dir = tempfile::tempdir().unwrap();
         std::fs::create_dir_all(dir.path().join("lib")).unwrap();
         let repo_lib = std::path::Path::new(env!("CARGO_MANIFEST_DIR")).join("lib");
-        std::fs::copy(repo_lib.join("deploy.rhai"), dir.path().join("lib/deploy.rhai")).unwrap();
+        std::fs::copy(
+            repo_lib.join("deploy.rhai"),
+            dir.path().join("lib/deploy.rhai"),
+        )
+        .unwrap();
         // Deliberately do NOT copy lib/docker.rhai (or any of deploy.rhai's other dependencies).
 
         let mut store = StateStore::load(dir.path()).unwrap();
Diff in /Users/inou/dev/rust/nrgize-rs/src/engine/eval.rs:2576:
             !err.contains("Module not found"),
             "must not surface the raw module-resolution error to the caller: {err}"
         );
-        assert!(err.contains("no free host port"), "expected to reach port-picking via the embedded stdlib: {err}");
+        assert!(
+            err.contains("no free host port"),
+            "expected to reach port-picking via the embedded stdlib: {err}"
+        );
 
         let calls = fake.calls();
         assert!(
Diff in /Users/inou/dev/rust/nrgize-rs/src/engine/eval.rs:2649:
         // Port-picking exhausts every candidate under the plain default FakeRunner (every
         // `nc -z` reports exit 0 = "port busy") — the same trick this file's own deploy() tests
         // use to prove execution reached a known-later point without a full live health check.
-        assert!(err.contains("no free host port"), "expected to reach port-picking: got: {err}");
+        assert!(
+            err.contains("no free host port"),
+            "expected to reach port-picking: got: {err}"
+        );
 
         let calls = fake.calls();
         assert!(
Diff in /Users/inou/dev/rust/nrgize-rs/src/engine/eval.rs:2656:
-            calls.iter().any(|c| c.contains("host1") && c.contains("pull 'ghcr.io/org/app:v5'")),
+            calls
+                .iter()
+                .any(|c| c.contains("host1") && c.contains("pull 'ghcr.io/org/app:v5'")),
             "must pull the --image override on host1: {calls:?}"
         );
         assert!(
Diff in /Users/inou/dev/rust/nrgize-rs/src/engine/eval.rs:2660:
-            calls.iter().any(|c| c.contains("host2") && c.contains("pull 'ghcr.io/org/app:v5'")),
+            calls
+                .iter()
+                .any(|c| c.contains("host2") && c.contains("pull 'ghcr.io/org/app:v5'")),
             "must pull the --image override on host2 too: {calls:?}"
         );
     }
Diff in /Users/inou/dev/rust/nrgize-rs/src/engine/eval.rs:2679:
         let ctx = shared_with_state(fake.clone(), store, EffectMode::Live);
 
         let err = run_rollback(dir.path(), &["host1".to_string()], "app", None, ctx).unwrap_err();
-        assert!(err.contains("no free host port"), "expected to reach port-picking: got: {err}");
+        assert!(
+            err.contains("no free host port"),
+            "expected to reach port-picking: got: {err}"
+        );
 
         let calls = fake.calls();
         assert!(
Diff in /Users/inou/dev/rust/nrgize-rs/src/engine/eval.rs:2686:
-            calls.iter().any(|c| c.contains("pull 'ghcr.io/org/app:v1'")),
+            calls
+                .iter()
+                .any(|c| c.contains("pull 'ghcr.io/org/app:v1'")),
             "must roll back to the snapshotted .prev image (v1), not the current .image (v2): \
              {calls:?}"
         );
Diff in /Users/inou/dev/rust/nrgize-rs/src/engine/eval.rs:2690:
         assert!(
-            !calls.iter().any(|c| c.contains("pull 'ghcr.io/org/app:v2'")),
+            !calls
+                .iter()
+                .any(|c| c.contains("pull 'ghcr.io/org/app:v2'")),
             "must NOT pull the CURRENT image when no override is given: {calls:?}"
         );
     }
Diff in /Users/inou/dev/rust/nrgize-rs/src/engine/interrupt.rs:52:
             // must be registered BEFORE the flag-setter, so on a first signal it sees the flag
             // still false (no-op) and only the flag-setter runs; on a SECOND signal it sees the
             // flag the first signal already set and exits immediately.
-            let _ = signal_hook::flag::register_conditional_shutdown(sig, exit_status, Arc::clone(&flag));
+            let _ = signal_hook::flag::register_conditional_shutdown(
+                sig,
+                exit_status,
+                Arc::clone(&flag),
+            );
             let _ = signal_hook::flag::register(sig, Arc::clone(&flag));
         }
     }
Diff in /Users/inou/dev/rust/nrgize-rs/src/engine/mod.rs:21:
 pub fn build_engine(ctx: SharedCtx) -> Engine {
     let mut engine = Engine::new();
     engine.set_max_operations(0); // trusted scripts: unlimited
-    // Trusted scripts: lift the expression-nesting cap too. The stdlib builds long
-    // `a + b + c + ...` command/message strings and deep `if cfg.contains(k) {..} else {..}`
-    // config chains whose ASTs exceed Rhai's default function-body depth of 32.
+                                  // Trusted scripts: lift the expression-nesting cap too. The stdlib builds long
+                                  // `a + b + c + ...` command/message strings and deep `if cfg.contains(k) {..} else {..}`
+                                  // config chains whose ASTs exceed Rhai's default function-body depth of 32.
     engine.set_max_expr_depths(0, 0);
     // Robustness review R8b: `set_max_expr_depths` above only lifts the *expression*-nesting cap
     // — Rhai's SEPARATE function-*call*-nesting cap (`max_call_levels`) was never touched here, so
Diff in /Users/inou/dev/rust/nrgize-rs/src/engine/mod.rs:57:
     engine.on_print(move |s| eprintln!("{}", secret::redact(s, &sp.lock().unwrap())));
     let sd = secrets;
     engine.on_debug(move |s, _src, pos| {
-        eprintln!("[debug] {} @ {pos:?}", secret::redact(s, &sd.lock().unwrap()))
+        eprintln!(
+            "[debug] {} @ {pos:?}",
+            secret::redact(s, &sd.lock().unwrap())
+        )
     });
 
     // R7: poll the interrupt flag between operations. A set flag ends the running script with a
Diff in /Users/inou/dev/rust/nrgize-rs/src/engine/mod.rs:120:
         let mut engine = build_engine(ctx.clone());
 
         let flag = ctx.interrupted.clone();
-        engine.register_fn("simulate_interrupt", move || flag.store(true, Ordering::Relaxed));
+        engine.register_fn("simulate_interrupt", move || {
+            flag.store(true, Ordering::Relaxed)
+        });
         let log: Arc<Mutex<Vec<String>>> = Arc::new(Mutex::new(Vec::new()));
         let l = log.clone();
         engine.register_fn("log", move |s: &str| l.lock().unwrap().push(s.to_string()));
Diff in /Users/inou/dev/rust/nrgize-rs/src/engine/mod.rs:140:
         );
 
         let entries = log.lock().unwrap().clone();
-        assert!(entries.contains(&"undo".to_string()), "compensation must have run: {entries:?}");
+        assert!(
+            entries.contains(&"undo".to_string()),
+            "compensation must have run: {entries:?}"
+        );
         assert!(
             !entries.contains(&"should not run".to_string()),
             "the script must abort at the next operation after the interrupt: {entries:?}"
Diff in /Users/inou/dev/rust/nrgize-rs/src/engine/plan.rs:39:
     #[test]
     fn render_summarizes_actions_and_hosts() {
         let actions = vec![
-            PlannedAction { kind: "local".into(), host: None, detail: "docker build".into() },
-            PlannedAction { kind: "ssh".into(), host: Some("a".into()), detail: "docker pull".into() },
-            PlannedAction { kind: "ssh".into(), host: Some("b".into()), detail: "docker pull".into() },
+            PlannedAction {
+                kind: "local".into(),
+                host: None,
+                detail: "docker build".into(),
+            },
+            PlannedAction {
+                kind: "ssh".into(),
+                host: Some("a".into()),
+                detail: "docker pull".into(),
+            },
+            PlannedAction {
+                kind: "ssh".into(),
+                host: Some("b".into()),
+                detail: "docker pull".into(),
+            },
         ];
         let r = render_plan(&actions);
         assert!(r.contains("docker build"));
Diff in /Users/inou/dev/rust/nrgize-rs/src/engine/runner.rs:1:
 //! Command execution abstraction so builtins are testable without a real host.
 
-use std::process::Command;
 #[cfg(test)]
 use std::collections::HashMap;
+use std::process::Command;
 #[cfg(test)]
 use std::sync::{Arc, Mutex};
 
Diff in /Users/inou/dev/rust/nrgize-rs/src/engine/runner.rs:214:
 #[cfg(unix)]
 fn create_dir_all_0700(dir: &std::path::Path) -> std::io::Result<()> {
     use std::os::unix::fs::DirBuilderExt;
-    std::fs::DirBuilder::new().mode(0o700).recursive(true).create(dir)
+    std::fs::DirBuilder::new()
+        .mode(0o700)
+        .recursive(true)
+        .create(dir)
 }
 #[cfg(not(unix))]
 fn create_dir_all_0700(dir: &std::path::Path) -> std::io::Result<()> {
Diff in /Users/inou/dev/rust/nrgize-rs/src/engine/runner.rs:403:
     pub fn fail_host(&self, host: &str, code: i64, stderr: &str) {
         self.per_host.lock().unwrap().insert(
             host.to_string(),
-            RawOutput { stdout: String::new(), stderr: stderr.to_string(), exit_code: code },
+            RawOutput {
+                stdout: String::new(),
+                stderr: stderr.to_string(),
+                exit_code: code,
+            },
         );
     }
     /// Make an ssh call to `host` whose command CONTAINS `needle` fail (more specific than
Diff in /Users/inou/dev/rust/nrgize-rs/src/engine/runner.rs:412:
         self.per_cmd.lock().unwrap().push((
             host.to_string(),
             needle.to_string(),
-            RawOutput { stdout: String::new(), stderr: stderr.to_string(), exit_code: code },
+            RawOutput {
+                stdout: String::new(),
+                stderr: stderr.to_string(),
+                exit_code: code,
+            },
         ));
     }
     /// Make an ssh call to `host` whose command CONTAINS `needle` succeed with canned `stdout`
Diff in /Users/inou/dev/rust/nrgize-rs/src/engine/runner.rs:422:
         self.per_cmd.lock().unwrap().push((
             host.to_string(),
             needle.to_string(),
-            RawOutput { stdout: stdout.to_string(), stderr: String::new(), exit_code: 0 },
+            RawOutput {
+                stdout: stdout.to_string(),
+                stderr: String::new(),
+                exit_code: 0,
+            },
         ));
     }
     /// The canned ssh output for (host, cmd): a matching per-cmd rule, else the host rule, else
Diff in /Users/inou/dev/rust/nrgize-rs/src/engine/runner.rs:443:
 #[cfg(test)]
 impl CommandRunner for FakeRunner {
     fn run_ssh(&self, host: &str, cmd: &str) -> RawOutput {
-        self.calls.lock().unwrap().push(format!("ssh {host}: {cmd}"));
+        self.calls
+            .lock()
+            .unwrap()
+            .push(format!("ssh {host}: {cmd}"));
         self.ssh_output(host, cmd)
     }
     fn run_local(&self, cmd: &str) -> RawOutput {
Diff in /Users/inou/dev/rust/nrgize-rs/src/engine/runner.rs:557:
             "missing default ControlPersist=60s: {args:?}"
         );
         assert!(
-            pairs.iter().any(|&(_, v)| v.starts_with("ControlPath=") && v.ends_with("/%C")),
+            pairs
+                .iter()
+                .any(|&(_, v)| v.starts_with("ControlPath=") && v.ends_with("/%C")),
             "ControlPath must end in ssh's %C token: {args:?}"
         );
         // `--` must still immediately precede the host even with the new options inserted before it.
Diff in /Users/inou/dev/rust/nrgize-rs/src/engine/runner.rs:620:
             pairs.iter().any(|&(_, v)| v == "ControlMaster=auto"),
             "overriding persist/path must not drop ControlMaster=auto: {args:?}"
         );
-        assert!(pairs.iter().any(|&(_, v)| v == "ControlPersist=10m"), "got: {args:?}");
         assert!(
-            pairs.iter().any(|&(_, v)| v == "ControlPath=/tmp/nrg-test-cm/%C"),
+            pairs.iter().any(|&(_, v)| v == "ControlPersist=10m"),
             "got: {args:?}"
         );
+        assert!(
+            pairs
+                .iter()
+                .any(|&(_, v)| v == "ControlPath=/tmp/nrg-test-cm/%C"),
+            "got: {args:?}"
+        );
         std::env::remove_var("NRG_SSH_CONTROL_PERSIST");
         std::env::remove_var("NRG_SSH_CONTROL_PATH");
     }
Diff in /Users/inou/dev/rust/nrgize-rs/src/engine/runner.rs:649:
         // Multiplexing itself isn't necessarily disabled — it falls back to the safe per-host
         // default path instead, so ControlPath should still be present, just not the bad value.
         assert!(
-            args.iter().any(|a| a.starts_with("ControlPath=") && a.ends_with("/%C")),
+            args.iter()
+                .any(|a| a.starts_with("ControlPath=") && a.ends_with("/%C")),
             "must fall back to the %C-suffixed default, not silently drop multiplexing: {args:?}"
         );
         if let Some(home) = std::env::var_os("HOME") {
Diff in /Users/inou/dev/rust/nrgize-rs/src/engine/runner.rs:727:
         // parsed as an option = local RCE).
         let out = r.run_ssh("-oProxyCommand=touch /tmp/pwned", "echo hi");
         assert_eq!(out.exit_code, -1);
-        assert!(out.stderr.contains("looks like an option"), "got: {}", out.stderr);
+        assert!(
+            out.stderr.contains("looks like an option"),
+            "got: {}",
+            out.stderr
+        );
         let out2 = r.run_ssh_stdin("-oProxyCommand=x", "cat", "data");
         assert_eq!(out2.exit_code, -1);
     }
Diff in /Users/inou/dev/rust/nrgize-rs/src/engine/runner.rs:743:
             .spawn()
             .unwrap();
         let status = child.wait().unwrap();
-        assert_eq!(exit_code_of(&status), 137, "SIGKILL must map to 128 + 9 = 137");
+        assert_eq!(
+            exit_code_of(&status),
+            137,
+            "SIGKILL must map to 128 + 9 = 137"
+        );
         assert_ne!(
-            exit_code_of(&status), -1,
+            exit_code_of(&status),
+            -1,
             "a real, signal-killed process must not report the same code as a spawn failure"
         );
     }
Diff in /Users/inou/dev/rust/nrgize-rs/src/engine/runner.rs:870:
             .output()
             .map_err(|e| format!("failed to spawn cc: {e}"))?;
         if !cc_out.status.success() {
-            return Err(format!("cc failed: {}", String::from_utf8_lossy(&cc_out.stderr)));
+            return Err(format!(
+                "cc failed: {}",
+                String::from_utf8_lossy(&cc_out.stderr)
+            ));
         }
         std::fs::write(
             dir.join("Dockerfile"),
Diff in /Users/inou/dev/rust/nrgize-rs/src/engine/runner.rs:929:
         // reader doesn't have to know either of those facts to see this test isn't accidentally
         // depending on inherited stdin.
         let out = RealRunner.run_local(&format!("docker run --rm {tag} 42 < /dev/null"));
-        let _ = std::process::Command::new("docker").args(["rmi", "-f", &tag]).status();
+        let _ = std::process::Command::new("docker")
+            .args(["rmi", "-f", &tag])
+            .status();
         assert_eq!(
             out.exit_code, 42,
             "a real container's own exit code must survive run_local's sh -c wrapping and \
Diff in /Users/inou/dev/rust/nrgize-rs/src/engine/runner.rs:953:
             &format!("docker run --rm -i {tag}"),
             "hello-through-a-real-container",
         );
-        let _ = std::process::Command::new("docker").args(["rmi", "-f", &tag]).status();
+        let _ = std::process::Command::new("docker")
+            .args(["rmi", "-f", &tag])
+            .status();
         assert_eq!(out.exit_code, 0, "got: {out:?}");
         assert_eq!(
             out.stdout, "hello-through-a-real-container",
Diff in /Users/inou/dev/rust/nrgize-rs/src/engine/runner.rs:976:
             );
             return;
         }
-        assert!(docker_available(), "`docker` must be running in CI for real-container coverage");
-        assert!(cc_available(), "`cc` must be on PATH in CI to build the test image");
+        assert!(
+            docker_available(),
+            "`docker` must be running in CI for real-container coverage"
+        );
+        assert!(
+            cc_available(),
+            "`cc` must be on PATH in CI to build the test image"
+        );
     }
 }
 
Diff in /Users/inou/dev/rust/nrgize-rs/src/engine/secret.rs:96:
         )
         .into()
     })?;
-    crate::secrets::decrypt_value(raw, &key_path)
-        .map_err(|e| -> Box<EvalAltResult> { format!("secret '{name}': failed to decrypt: {e}").into() })
+    crate::secrets::decrypt_value(raw, &key_path).map_err(|e| -> Box<EvalAltResult> {
+        format!("secret '{name}': failed to decrypt: {e}").into()
+    })
 }
 
 /// If `raw` is a `CMD[...]` token — the fetch-adapter convention (roadmap 2.4 step 2): a value
Diff in /Users/inou/dev/rust/nrgize-rs/src/engine/secret.rs:115:
 /// `ENC[...]` check. Runs regardless of `--dry-run`: a script needs the real value to plan
 /// against (e.g. `sh_quote(secret(...))` embedded in a command being rendered), exactly like
 /// `ENC[...]` decryption already runs unconditionally.
-fn fetch_if_needed(raw: &str, name: &str, runner: &dyn CommandRunner) -> Result<String, Box<EvalAltResult>> {
+fn fetch_if_needed(
+    raw: &str,
+    name: &str,
+    runner: &dyn CommandRunner,
+) -> Result<String, Box<EvalAltResult>> {
     if !(raw.starts_with("CMD[") && raw.ends_with(']')) {
         return Ok(raw.to_string());
     }
Diff in /Users/inou/dev/rust/nrgize-rs/src/engine/secret.rs:183:
 pub fn redact(text: &str, secrets: &HashSet<String>) -> String {
     // Longest-first (then lexical) for deterministic results when one secret is a substring
     // of another — `HashSet` iteration order is otherwise nondeterministic.
-    let mut vals: Vec<&String> = secrets.iter().filter(|s| s.len() >= MIN_SECRET_LEN).collect();
-    vals.sort_by(|a, b| b.len().cmp(&a.len()).then_with(|| a.as_str().cmp(b.as_str())));
+    let mut vals: Vec<&String> = secrets
+        .iter()
+        .filter(|s| s.len() >= MIN_SECRET_LEN)
+        .collect();
+    vals.sort_by(|a, b| {
+        b.len()
+            .cmp(&a.len())
+            .then_with(|| a.as_str().cmp(b.as_str()))
+    });
     let mut out = text.to_string();
     for s in vals {
         out = out.replace(s.as_str(), "***");
Diff in /Users/inou/dev/rust/nrgize-rs/src/engine/secret.rs:269:
 
     // sh_quote(x) -> String   for both String and Secret (the only safe interpolation path)
     engine.register_fn("sh_quote", |s: &str| -> String { posix_quote(s) });
-    engine.register_fn("sh_quote", |s: Secret| -> String { posix_quote(s.reveal()) });
+    engine.register_fn("sh_quote", |s: Secret| -> String {
+        posix_quote(s.reveal())
+    });
 
     // Forbid string concatenation with a Secret. Rhai would otherwise auto-stringify it via
     // to_string() (= "***"), silently producing a broken `... + ***` command. Failing loudly
Diff in /Users/inou/dev/rust/nrgize-rs/src/engine/secret.rs:276:
     // forces sh_quote(secret) for shell args or reveal(secret) for explicit plaintext.
-    engine.register_fn("+", |_a: &str, _b: Secret| -> Result<String, Box<EvalAltResult>> {
-        Err(NO_CONCAT.into())
-    });
-    engine.register_fn("+", |_a: Secret, _b: &str| -> Result<String, Box<EvalAltResult>> {
-        Err(NO_CONCAT.into())
-    });
-    engine.register_fn("+", |_a: Secret, _b: Secret| -> Result<String, Box<EvalAltResult>> {
-        Err(NO_CONCAT.into())
-    });
+    engine.register_fn(
+        "+",
+        |_a: &str, _b: Secret| -> Result<String, Box<EvalAltResult>> { Err(NO_CONCAT.into()) },
+    );
+    engine.register_fn(
+        "+",
+        |_a: Secret, _b: &str| -> Result<String, Box<EvalAltResult>> { Err(NO_CONCAT.into()) },
+    );
+    engine.register_fn(
+        "+",
+        |_a: Secret, _b: Secret| -> Result<String, Box<EvalAltResult>> { Err(NO_CONCAT.into()) },
+    );
 }
 
 const NO_CONCAT: &str = "refusing to concatenate a Secret into a string; use sh_quote(secret) \
Diff in /Users/inou/dev/rust/nrgize-rs/src/engine/secret.rs:340:
     #[test]
     fn decrypt_if_needed_passes_a_plain_value_through_unchanged() {
         // No ENC[...] framing — must not touch the filesystem looking for a key at all.
-        assert_eq!(decrypt_if_needed("plain-value", "X").unwrap(), "plain-value");
+        assert_eq!(
+            decrypt_if_needed("plain-value", "X").unwrap(),
+            "plain-value"
+        );
     }
 
     #[test]
Diff in /Users/inou/dev/rust/nrgize-rs/src/engine/secret.rs:347:
     fn decrypt_if_needed_requires_both_the_prefix_and_suffix() {
         // A value that merely starts with "ENC[" (e.g. truncated, or a coincidental prefix)
         // without the closing bracket is NOT ENC[...]-framed — pass it through, don't error.
-        assert_eq!(decrypt_if_needed("ENC[incomplete", "X").unwrap(), "ENC[incomplete");
+        assert_eq!(
+            decrypt_if_needed("ENC[incomplete", "X").unwrap(),
+            "ENC[incomplete"
+        );
     }
 
     #[test]
Diff in /Users/inou/dev/rust/nrgize-rs/src/engine/secret.rs:354:
     fn fetch_if_needed_passes_a_plain_value_through_unchanged() {
         // No CMD[...] framing — must not touch the runner at all.
         let runner = FakeRunner::new();
-        assert_eq!(fetch_if_needed("plain-value", "X", &runner).unwrap(), "plain-value");
+        assert_eq!(
+            fetch_if_needed("plain-value", "X", &runner).unwrap(),
+            "plain-value"
+        );
         assert!(runner.calls().is_empty());
     }
 
Diff in /Users/inou/dev/rust/nrgize-rs/src/engine/secret.rs:362:
     fn fetch_if_needed_requires_both_the_prefix_and_suffix() {
         // Same "must be fully framed" rule as decrypt_if_needed's ENC[...] check.
         let runner = FakeRunner::new();
-        assert_eq!(fetch_if_needed("CMD[incomplete", "X", &runner).unwrap(), "CMD[incomplete");
+        assert_eq!(
+            fetch_if_needed("CMD[incomplete", "X", &runner).unwrap(),
+            "CMD[incomplete"
+        );
         assert!(runner.calls().is_empty());
     }
 
Diff in /Users/inou/dev/rust/nrgize-rs/src/engine/secret.rs:371:
         let runner = FakeRunner::new();
         let err = fetch_if_needed("CMD[]", "X", &runner).unwrap_err();
         assert!(err.to_string().contains("empty"), "got: {err}");
-        assert!(runner.calls().is_empty(), "must not shell out to an empty command");
+        assert!(
+            runner.calls().is_empty(),
+            "must not shell out to an empty command"
+        );
     }
 
     #[test]
Diff in /Users/inou/dev/rust/nrgize-rs/src/engine/secret.rs:378:
     fn fetch_if_needed_runs_the_command_and_trims_trailing_newlines() {
         let mut runner = FakeRunner::new();
-        runner.default =
-            crate::engine::runner::RawOutput { stdout: "fetched-value\n".to_string(), stderr: String::new(), exit_code: 0 };
+        runner.default = crate::engine::runner::RawOutput {
+            stdout: "fetched-value\n".to_string(),
+            stderr: String::new(),
+            exit_code: 0,
+        };
         let value = fetch_if_needed("CMD[op read op://vault/item/field]", "X", &runner).unwrap();
         assert_eq!(value, "fetched-value");
         let calls = runner.calls();
Diff in /Users/inou/dev/rust/nrgize-rs/src/engine/secret.rs:385:
         assert_eq!(calls.len(), 1);
-        assert!(calls[0].contains("op read op://vault/item/field"), "got: {calls:?}");
+        assert!(
+            calls[0].contains("op read op://vault/item/field"),
+            "got: {calls:?}"
+        );
     }
 
     #[test]
Diff in /Users/inou/dev/rust/nrgize-rs/src/engine/secret.rs:392:
         // 1Password/Bitwarden/Vault/Doppler tools, but possible) must not leave a trailing \r
         // in the secret — that would silently break a downstream use like a docker login.
         let mut runner = FakeRunner::new();
-        runner.default =
-            crate::engine::runner::RawOutput { stdout: "fetched-value\r\n".to_string(), stderr: String::new(), exit_code: 0 };
+        runner.default = crate::engine::runner::RawOutput {
+            stdout: "fetched-value\r\n".to_string(),
+            stderr: String::new(),
+            exit_code: 0,
+        };
         let value = fetch_if_needed("CMD[op read op://vault/item/field]", "X", &runner).unwrap();
         assert_eq!(value, "fetched-value");
     }
Diff in /Users/inou/dev/rust/nrgize-rs/src/engine/secret.rs:460:
         std::env::set_var("NRG_SECRET_INTERP", "hunter2value");
         let e = secret_engine();
         let cmd: String = e.eval(r#"`docker login -p ${secret("INTERP")}`"#).unwrap();
-        assert!(cmd.contains(SECRET_SENTINEL), "interpolation must yield the sentinel");
-        assert!(!cmd.contains("hunter2value"), "interpolation must not leak plaintext");
-        assert!(assert_no_secret_leak(&cmd).is_err(), "boundary guard must reject the sentinel");
+        assert!(
+            cmd.contains(SECRET_SENTINEL),
+            "interpolation must yield the sentinel"
+        );
+        assert!(
+            !cmd.contains("hunter2value"),
+            "interpolation must not leak plaintext"
+        );
+        assert!(
+            assert_no_secret_leak(&cmd).is_err(),
+            "boundary guard must reject the sentinel"
+        );
         // The supported paths still work and pass the guard.
-        let quoted: String = e.eval(r#"`docker login -p ${sh_quote(secret("INTERP"))}`"#).unwrap();
+        let quoted: String = e
+            .eval(r#"`docker login -p ${sh_quote(secret("INTERP"))}`"#)
+            .unwrap();
         assert_eq!(quoted, "docker login -p 'hunter2value'");
         assert!(assert_no_secret_leak(&quoted).is_ok());
         std::env::remove_var("NRG_SECRET_INTERP");
Diff in /Users/inou/dev/rust/nrgize-rs/src/engine/secret.rs:525:
             exit_code: 1,
         };
         let e = secret_engine_with_runner(std::sync::Arc::new(runner));
-        let err = e.eval::<rhai::Dynamic>(r#"secret("OP_TOKEN2")"#).unwrap_err();
+        let err = e
+            .eval::<rhai::Dynamic>(r#"secret("OP_TOKEN2")"#)
+            .unwrap_err();
         assert!(err.to_string().contains("not signed in"), "got: {err}");
         std::env::remove_var("NRG_SECRET_OP_TOKEN2");
     }
Diff in /Users/inou/dev/rust/nrgize-rs/src/engine/secret.rs:534:
     fn lookup_secret_prefers_the_destination_file_over_the_shared_one() {
         let tmp = tempfile::tempdir().unwrap();
         std::fs::create_dir_all(tmp.path().join(".energize")).unwrap();
-        std::fs::write(tmp.path().join(".energize/secrets"), "DB_URL=shared-value\n").unwrap();
-        std::fs::write(tmp.path().join(".energize/secrets.staging"), "DB_URL=staging-value\n").unwrap();
+        std::fs::write(
+            tmp.path().join(".energize/secrets"),
+            "DB_URL=shared-value\n",
+        )
+        .unwrap();
+        std::fs::write(
+            tmp.path().join(".energize/secrets.staging"),
+            "DB_URL=staging-value\n",
+        )
+        .unwrap();
         assert_eq!(
             lookup_secret(Some(tmp.path()), "DB_URL", Some("staging")).unwrap(),
             Some("staging-value".to_string())
Diff in /Users/inou/dev/rust/nrgize-rs/src/engine/secret.rs:557:
         // any key it doesn't mention still resolves from the shared `.energize/secrets`.
         let tmp = tempfile::tempdir().unwrap();
         std::fs::create_dir_all(tmp.path().join(".energize")).unwrap();
-        std::fs::write(tmp.path().join(".energize/secrets"), "SHARED_KEY=shared-value\n").unwrap();
-        std::fs::write(tmp.path().join(".energize/secrets.staging"), "DB_URL=staging-value\n").unwrap();
+        std::fs::write(
+            tmp.path().join(".energize/secrets"),
+            "SHARED_KEY=shared-value\n",
+        )
+        .unwrap();
+        std::fs::write(
+            tmp.path().join(".energize/secrets.staging"),
+            "DB_URL=staging-value\n",
+        )
+        .unwrap();
         assert_eq!(
             lookup_secret(Some(tmp.path()), "SHARED_KEY", Some("staging")).unwrap(),
             Some("shared-value".to_string())
Diff in /Users/inou/dev/rust/nrgize-rs/src/engine/secret.rs:585:
 
         let err = lookup_secret(Some(tmp.path()), "DB_PASSWORD", None)
             .expect_err("a world-writable secrets file must be refused, not read");
-        assert!(err.contains(&secrets.display().to_string()), "must name the file: {err}");
-        assert!(err.contains("writable by other users"), "must give the reason: {err}");
-        assert!(!err.contains("touch /tmp/pwned"), "must not echo the planted value: {err}");
+        assert!(
+            err.contains(&secrets.display().to_string()),
+            "must name the file: {err}"
+        );
+        assert!(
+            err.contains("writable by other users"),
+            "must give the reason: {err}"
+        );
+        assert!(
+            !err.contains("touch /tmp/pwned"),
+            "must not echo the planted value: {err}"
+        );
     }
 
     #[cfg(unix)]
Diff in /Users/inou/dev/rust/nrgize-rs/src/engine/secret.rs:654:
         let mut e = Engine::new();
         register(&mut e, ctx);
 
-        let err = e.eval::<rhai::Dynamic>(r#"secret("DB_PASSWORD")"#).unwrap_err();
-        assert!(err.to_string().contains("writable by other users"), "got: {err}");
-        assert!(runner.calls().is_empty(), "the CMD[...] value must never reach `sh -c`");
+        let err = e
+            .eval::<rhai::Dynamic>(r#"secret("DB_PASSWORD")"#)
+            .unwrap_err();
+        assert!(
+            err.to_string().contains("writable by other users"),
+            "got: {err}"
+        );
+        assert!(
+            runner.calls().is_empty(),
+            "the CMD[...] value must never reach `sh -c`"
+        );
     }
 }
 
Diff in /Users/inou/dev/rust/nrgize-rs/src/engine/sim.rs:60:
                 health_ok: real_running,
             });
         }
-        self.containers.get(&key).map(|c| c.running).unwrap_or(false)
+        self.containers
+            .get(&key)
+            .map(|c| c.running)
+            .unwrap_or(false)
     }
 
     /// Mark `(host, name)` as a freshly started, healthy container running `image`.
Diff in /Users/inou/dev/rust/nrgize-rs/src/engine/sim.rs:92:
             None => {
                 self.containers.insert(
                     key.clone(),
-                    ContainerSim { running: true, image: String::new(), health_ok: true },
+                    ContainerSim {
+                        running: true,
+                        image: String::new(),
+                        health_ok: true,
+                    },
                 );
             }
         }
Diff in /Users/inou/dev/rust/nrgize-rs/src/engine/sim.rs:116:
             None => {
                 self.containers.insert(
                     key.clone(),
-                    ContainerSim { running: false, image: String::new(), health_ok: false },
+                    ContainerSim {
+                        running: false,
+                        image: String::new(),
+                        health_ok: false,
+                    },
                 );
             }
         }
Diff in /Users/inou/dev/rust/nrgize-rs/src/engine/state.rs:107:
 /// at the CLI boundary (`--dest` parsing), before a destination name ever reaches `StateStore`
 /// or a secrets file path.
 pub fn is_valid_dest_name(s: &str) -> bool {
-    !s.is_empty() && s.chars().all(|c| c.is_ascii_alphanumeric() || c == '-' || c == '_')
+    !s.is_empty()
+        && s.chars()
+            .all(|c| c.is_ascii_alphanumeric() || c == '-' || c == '_')
 }
 
 /// In-memory deployment state. `root == None` is an ephemeral store (no disk I/O), used by
Diff in /Users/inou/dev/rust/nrgize-rs/src/engine/state.rs:155:
                     // (and is at most "one flush ago", not a pre-run snapshot) misleads (#28).
                     let bak = backup_path(root);
                     let hint = if bak.exists() {
-                        format!(" A backup from the previous write may exist at {}.", bak.display())
+                        format!(
+                            " A backup from the previous write may exist at {}.",
+                            bak.display()
+                        )
                     } else {
                         String::new()
                     };
Diff in /Users/inou/dev/rust/nrgize-rs/src/engine/state.rs:369:
             version: STATE_VERSION,
             data: self.data.clone(),
         };
-        let json =
-            serde_json::to_string_pretty(&file).map_err(|e| format!("cannot serialize state: {e}"))?;
+        let json = serde_json::to_string_pretty(&file)
+            .map_err(|e| format!("cannot serialize state: {e}"))?;
 
         if path.exists() {
             let _ = fs::copy(&path, &bak); // best-effort backup
Diff in /Users/inou/dev/rust/nrgize-rs/src/engine/state.rs:578:
 
         let err = find_root_from(&sub, Some(tmp.path()))
             .expect_err("a world-writable marker directory must be refused, not adopted");
-        assert!(err.contains(&planted.display().to_string()), "must name the directory: {err}");
-        assert!(err.contains("writable by other users"), "must give the reason: {err}");
-        assert!(err.contains(".energize"), "must name the marker that attracted us: {err}");
+        assert!(
+            err.contains(&planted.display().to_string()),
+            "must name the directory: {err}"
+        );
+        assert!(
+            err.contains("writable by other users"),
+            "must give the reason: {err}"
+        );
+        assert!(
+            err.contains(".energize"),
+            "must name the marker that attracted us: {err}"
+        );
     }
 
     #[cfg(unix)]
Diff in /Users/inou/dev/rust/nrgize-rs/src/engine/state.rs:626:
     fn load_corrupt_file_is_fatal() {
         let tmp = tempfile::tempdir().unwrap();
         fs::create_dir_all(tmp.path().join(".energize")).unwrap();
-        fs::write(tmp.path().join(".energize/state.json"), "{ this is not json").unwrap();
+        fs::write(
+            tmp.path().join(".energize/state.json"),
+            "{ this is not json",
+        )
+        .unwrap();
         let err = StateStore::load(tmp.path()).unwrap_err();
         assert!(err.contains("CORRUPT"), "got: {err}");
     }
Diff in /Users/inou/dev/rust/nrgize-rs/src/engine/state.rs:670:
         .unwrap();
 
         let mut s = StateStore::load(tmp.path()).unwrap();
-        assert_eq!(s.get("k"), Some("v".to_string()), "known data must still load correctly");
+        assert_eq!(
+            s.get("k"),
+            Some("v".to_string()),
+            "known data must still load correctly"
+        );
 
         // Any write re-serializes only the known fields — `future_field` is gone afterward.
         s.set("another", "value").unwrap();
Diff in /Users/inou/dev/rust/nrgize-rs/src/engine/state.rs:701:
             s.set("app.image", "ghcr.io/x:v2").unwrap(); // triggers the .bak snapshot of v1's state
         }
         let bak_path = tmp.path().join(".energize/state.json.bak");
-        assert!(bak_path.exists(), "a .bak must exist after the second write");
+        assert!(
+            bak_path.exists(),
+            "a .bak must exist after the second write"
+        );
 
         // Corrupt the live file (simulating disk corruption / a bad manual edit).
         let state_path = tmp.path().join(".energize/state.json");
Diff in /Users/inou/dev/rust/nrgize-rs/src/engine/state.rs:749:
             .filter_map(|e| e.ok())
             .filter(|e| e.file_name().to_string_lossy().contains(".tmp"))
             .collect();
-        assert!(leftover.is_empty(), "no temp state files should remain: {leftover:?}");
+        assert!(
+            leftover.is_empty(),
+            "no temp state files should remain: {leftover:?}"
+        );
     }
 
     #[cfg(unix)]
Diff in /Users/inou/dev/rust/nrgize-rs/src/engine/state.rs:764:
             .permissions()
             .mode()
             & 0o777;
-        assert_eq!(mode, 0o600, "state.json must be owner-only (secrets may be stored)");
+        assert_eq!(
+            mode, 0o600,
+            "state.json must be owner-only (secrets may be stored)"
+        );
         // A second write (which makes a .bak) must also keep the backup owner-only.
         s.set("db_pw2", "anothersecretvalue").unwrap();
         let bmode = fs::metadata(tmp.path().join(".energize/state.json.bak"))
Diff in /Users/inou/dev/rust/nrgize-rs/src/engine/state.rs:794:
     #[test]
     fn hosts_for_handles_dotted_and_at_sign_host_names() {
         let mut s = StateStore::ephemeral();
-        s.set("app.target.deploy@web1.example.com", "localhost:13000").unwrap();
-        s.set("app.target.deploy@web2.example.com", "localhost:13010").unwrap();
+        s.set("app.target.deploy@web1.example.com", "localhost:13000")
+            .unwrap();
+        s.set("app.target.deploy@web2.example.com", "localhost:13010")
+            .unwrap();
         assert_eq!(
             s.hosts_for("app"),
-            vec!["deploy@web1.example.com".to_string(), "deploy@web2.example.com".to_string()]
+            vec![
+                "deploy@web1.example.com".to_string(),
+                "deploy@web2.example.com".to_string()
+            ]
         );
     }
 
Diff in /Users/inou/dev/rust/nrgize-rs/src/engine/state.rs:839:
             default.set("app.version", "v1-default").unwrap();
         }
         {
-            let mut staging = StateStore::load(tmp.path()).unwrap().with_dest(Some("staging".into()));
+            let mut staging = StateStore::load(tmp.path())
+                .unwrap()
+                .with_dest(Some("staging".into()));
             staging.set("app.version", "v1-staging").unwrap();
         }
         // Each destination only ever sees its OWN version of "app.version".
Diff in /Users/inou/dev/rust/nrgize-rs/src/engine/state.rs:846:
         let default = StateStore::load(tmp.path()).unwrap();
         assert_eq!(default.get("app.version"), Some("v1-default".to_string()));
-        let staging = StateStore::load(tmp.path()).unwrap().with_dest(Some("staging".into()));
+        let staging = StateStore::load(tmp.path())
+            .unwrap()
+            .with_dest(Some("staging".into()));
         assert_eq!(staging.get("app.version"), Some("v1-staging".to_string()));
 
         // Both live in the SAME state.json — the raw on-disk keys are namespaced.
Diff in /Users/inou/dev/rust/nrgize-rs/src/engine/state.rs:852:
         let raw = fs::read_to_string(tmp.path().join(".energize/state.json")).unwrap();
-        assert!(raw.contains("\"app.version\": \"v1-default\""), "got: {raw}");
-        assert!(raw.contains("\"staging/app.version\": \"v1-staging\""), "got: {raw}");
+        assert!(
+            raw.contains("\"app.version\": \"v1-default\""),
+            "got: {raw}"
+        );
+        assert!(
+            raw.contains("\"staging/app.version\": \"v1-staging\""),
+            "got: {raw}"
+        );
 
         // services()/hosts_for() never cross a namespace boundary.
         assert_eq!(default.services(), vec!["app".to_string()]);
Diff in /Users/inou/dev/rust/nrgize-rs/src/engine/state.rs:865:
         let tmp = tempfile::tempdir().unwrap();
         let mut default = StateStore::load(tmp.path()).unwrap();
         default.set("app.version", "v1").unwrap();
-        let mut staging = StateStore::load(tmp.path()).unwrap().with_dest(Some("staging".into()));
+        let mut staging = StateStore::load(tmp.path())
+            .unwrap()
+            .with_dest(Some("staging".into()));
         staging.set("app.version", "v2").unwrap();
         staging.set("worker.version", "v3").unwrap();
 
Diff in /Users/inou/dev/rust/nrgize-rs/src/engine/state.rs:872:
         let default = StateStore::load(tmp.path()).unwrap();
-        assert_eq!(default.services(), vec!["app".to_string()], "staging's worker must not leak in");
+        assert_eq!(
+            default.services(),
+            vec!["app".to_string()],
+            "staging's worker must not leak in"
+        );
         assert_eq!(default.all().get("app.version"), Some(&"v1".to_string()));
-        assert_eq!(default.all().len(), 1, "staging's keys must not appear in default's all()");
+        assert_eq!(
+            default.all().len(),
+            1,
+            "staging's keys must not appear in default's all()"
+        );
 
-        let staging = StateStore::load(tmp.path()).unwrap().with_dest(Some("staging".into()));
-        assert_eq!(staging.services(), vec!["app".to_string(), "worker".to_string()]);
+        let staging = StateStore::load(tmp.path())
+            .unwrap()
+            .with_dest(Some("staging".into()));
+        assert_eq!(
+            staging.services(),
+            vec!["app".to_string(), "worker".to_string()]
+        );
         assert_eq!(staging.all().get("app.version"), Some(&"v2".to_string()));
     }
 
Diff in /Users/inou/dev/rust/nrgize-rs/src/engine/state.rs:890:
         let mut s = StateStore::ephemeral();
         let err = s.set("staging/app.version", "v1").unwrap_err();
         assert!(err.contains('/'), "got: {err}");
-        assert_eq!(s.get("staging/app.version"), None, "the rejected set must not have landed");
+        assert_eq!(
+            s.get("staging/app.version"),
+            None,
+            "the rejected set must not have landed"
+        );
 
         let mut staging = StateStore::ephemeral().with_dest(Some("staging".to_string()));
         let err = staging.del("other/key").unwrap_err();
Diff in /Users/inou/dev/rust/nrgize-rs/src/engine/state.rs:930:
             r#"{"version": 1, "data": {"staging/a/b.version": "legacy", "staging/app.version": "v1"}}"#,
         )
         .unwrap();
-        let staging = StateStore::load(tmp.path()).unwrap().with_dest(Some("staging".to_string()));
+        let staging = StateStore::load(tmp.path())
+            .unwrap()
+            .with_dest(Some("staging".to_string()));
         assert_eq!(
             staging.services(),
             vec!["app".to_string()],
Diff in /Users/inou/dev/rust/nrgize-rs/src/engine/state.rs:937:
             "a legacy slash-containing remainder must not surface as a service"
         );
-        assert_eq!(staging.all().len(), 1, "the legacy slash key must not appear in all()");
+        assert_eq!(
+            staging.all().len(),
+            1,
+            "the legacy slash key must not appear in all()"
+        );
     }
 
     #[test]
Diff in /Users/inou/dev/rust/nrgize-rs/src/engine/state.rs:963:
         parent.set("c", "3").unwrap();
         let final_state = StateStore::load(tmp.path()).unwrap();
         assert_eq!(final_state.get("a"), Some("1".into()));
-        assert_eq!(final_state.get("b"), Some("2".into()), "nested write must not be lost");
+        assert_eq!(
+            final_state.get("b"),
+            Some("2".into()),
+            "nested write must not be lost"
+        );
         assert_eq!(final_state.get("c"), Some("3".into()));
     }
 
Diff in /Users/inou/dev/rust/nrgize-rs/src/engine/state.rs:1019:
             "same root + this process's own (live) PID must be reentrant"
         );
         assert!(!lock_is_reentrant(&key, None));
-        assert!(!lock_is_reentrant(&key, Some(&format!("/some/other/root#{}", std::process::id()))));
+        assert!(!lock_is_reentrant(
+            &key,
+            Some(&format!("/some/other/root#{}", std::process::id()))
+        ));
     }
 
     #[test]
Diff in /Users/inou/dev/rust/nrgize-rs/src/engine/state.rs:1094:
         // must fail — proving the ambiguity `pid_is_alive`'s doc comment describes actually
         // exists on this system, i.e. that `kill_probe` alone would be wrong here.
         let kill_status = std::process::Command::new("setpriv")
-            .args(["--reuid=65534", "--regid=65534", "--clear-groups", "kill", "-0", &my_pid])
+            .args([
+                "--reuid=65534",
+                "--regid=65534",
+                "--clear-groups",
+                "kill",
+                "-0",
+                &my_pid,
+            ])
             .status()
             .unwrap();
         assert!(
Diff in /Users/inou/dev/rust/nrgize-rs/src/engine/stdlib.rs:135:
             .eval::<rhai::Dynamic>(r#"import "lib/runtime" as rt; rt::runtime_name()"#)
             .unwrap_err();
         assert!(
-            format!("{err}").contains("lib/runtime") || format!("{err}").contains("Module not found"),
+            format!("{err}").contains("lib/runtime")
+                || format!("{err}").contains("Module not found"),
             "got: {err}"
         );
     }
Diff in /Users/inou/dev/rust/nrgize-rs/src/engine/stdlib.rs:159:
         let name: String = engine
             .eval(r#"import "std/runtime" as rt; rt::runtime_name()"#)
             .unwrap();
-        assert_eq!(name, "docker", "must resolve to the embedded module, not the on-disk file");
+        assert_eq!(
+            name, "docker",
+            "must resolve to the embedded module, not the on-disk file"
+        );
     }
 }
 
Diff in /Users/inou/dev/rust/nrgize-rs/src/engine/transaction.rs:28:
     // `transaction` below) isn't gated by dry-run/live, so this reports correctly in both modes.
     {
         let ctx = ctx.clone();
-        engine.register_fn("in_transaction", move || -> bool { ctx.txn.lock().unwrap().depth > 0 });
+        engine.register_fn("in_transaction", move || -> bool {
+            ctx.txn.lock().unwrap().depth > 0
+        });
     }
 
     // transaction(body) — run body; on throw, unwind compensations registered during it.
Diff in /Users/inou/dev/rust/nrgize-rs/src/engine/transaction.rs:82:
                             };
                             match comp {
                                 Some(c) => {
-                                    if let Err(ce) = c.call_within_context::<Dynamic>(&context, ()) {
+                                    if let Err(ce) = c.call_within_context::<Dynamic>(&context, ())
+                                    {
                                         eprintln!("[nrg] rollback step failed (continuing): {ce}");
                                     }
                                 }
Diff in /Users/inou/dev/rust/nrgize-rs/src/engine/transaction.rs:307:
         e.run(script).unwrap();
         let calls = fake.calls();
         // web1's container started, web2's failed -> unwind ran BOTH rm's, each on its OWN host.
-        assert!(calls.contains(&"ssh web1: rm app-web1".to_string()), "calls: {calls:?}");
-        assert!(calls.contains(&"ssh web2: rm app-web2".to_string()), "calls: {calls:?}");
+        assert!(
+            calls.contains(&"ssh web1: rm app-web1".to_string()),
+            "calls: {calls:?}"
+        );
+        assert!(
+            calls.contains(&"ssh web2: rm app-web2".to_string()),
+            "calls: {calls:?}"
+        );
         // No cross-attribution (the capture bug would `rm app-web2` on web1 or vice versa).
-        assert!(!calls.contains(&"ssh web1: rm app-web2".to_string()), "wrong-host capture!");
+        assert!(
+            !calls.contains(&"ssh web1: rm app-web2".to_string()),
+            "wrong-host capture!"
+        );
     }
 
     #[test]
Diff in /Users/inou/dev/rust/nrgize-rs/src/secrets/mod.rs:67:
         ))
     };
     let inspect = |what: &str, e: std::io::Error| {
-        format!("Cannot inspect {what} for key file '{}': {e}", path.display())
+        format!(
+            "Cannot inspect {what} for key file '{}': {e}",
+            path.display()
+        )
     };
 
     let dir = path.parent().unwrap_or_else(|| Path::new("."));
Diff in /Users/inou/dev/rust/nrgize-rs/src/secrets/mod.rs:504:
         std::fs::create_dir_all(&sub).unwrap();
         // A key ABOVE $HOME must NOT be found from a dir inside $HOME.
         std::fs::write(tmp.path().join("home/.nrg-key"), "k").unwrap();
-        assert_eq!(find_upward(KEY_FILENAME, sub.clone(), Some(&home)), Ok(None));
+        assert_eq!(
+            find_upward(KEY_FILENAME, sub.clone(), Some(&home)),
+            Ok(None)
+        );
         // A key inside the project (below $HOME) IS found.
         std::fs::write(home.join("proj/.nrg-key"), "k").unwrap();
         assert_eq!(
Diff in /Users/inou/dev/rust/nrgize-rs/src/secrets/mod.rs:564:
 
         let err = find_upward(PUBKEY_FILENAME, sub, Some(tmp.path()))
             .expect_err("a key in a world-writable directory must be refused, not used");
-        assert!(err.contains(".nrg-key.pub"), "the error must name the file: {err}");
         assert!(
+            err.contains(".nrg-key.pub"),
+            "the error must name the file: {err}"
+        );
+        assert!(
             err.contains("writable by other users"),
             "the error must give the reason: {err}"
         );
Diff in /Users/inou/dev/rust/nrgize-rs/src/secrets/mod.rs:582:
 
         let err = find_upward(KEY_FILENAME, tmp.path().to_path_buf(), Some(tmp.path()))
             .expect_err("a world-writable key file must be refused");
-        assert!(err.contains(".nrg-key"), "the error must name the file: {err}");
         assert!(
+            err.contains(".nrg-key"),
+            "the error must name the file: {err}"
+        );
+        assert!(
             err.contains("writable by other users"),
             "the error must give the reason: {err}"
         );
Diff in /Users/inou/dev/rust/nrgize-rs/src/secrets/mod.rs:695:
         std::fs::write(&p, "ssh-rsa AAAAnot-an-age-recipient\n").unwrap();
         let err = read_recipient(&p).unwrap_err();
         assert!(err.contains("does not hold an age recipient"), "got: {err}");
-        assert!(err.contains("ssh-rsa"), "the error should quote what it saw: {err}");
+        assert!(
+            err.contains("ssh-rsa"),
+            "the error should quote what it saw: {err}"
+        );
     }
 
     #[cfg(unix)]
Diff in /Users/inou/dev/rust/nrgize-rs/src/secrets/mod.rs:713:
 
     #[test]
     fn parse_and_validate_pubkey_accepts_real_age_keygen_stderr() {
-        let stderr = "Public key: age1qyqszqgpqyqszqgpqyqszqgpqyqszqgpqyqszqgpqyqszqgpqyqszqgpqqqqqqq\n";
+        let stderr =
+            "Public key: age1qyqszqgpqyqszqgpqyqszqgpqyqszqgpqyqszqgpqyqszqgpqyqszqgpqqqqqqq\n";
         assert_eq!(
             parse_and_validate_pubkey(stderr).unwrap(),
             "age1qyqszqgpqyqszqgpqyqszqgpqyqszqgpqyqszqgpqyqszqgpqyqszqgpqqqqqqq"
Diff in /Users/inou/dev/rust/nrgize-rs/src/secrets/mod.rs:725:
         // A stderr format drift (or a completely different message) with no "Public key:" line
         // at all used to silently fall back to an empty string via `unwrap_or("")`.
         let err = parse_and_validate_pubkey("some unrelated warning\n").unwrap_err();
-        assert!(err.contains("did not print a recognizable public key"), "got: {err}");
+        assert!(
+            err.contains("did not print a recognizable public key"),
+            "got: {err}"
+        );
     }
 
     #[test]
Diff in /Users/inou/dev/rust/nrgize-rs/src/secrets/mod.rs:734:
         // age public key (e.g. a truncated/garbled line from a different age-keygen version)
         // must be refused rather than written to .nrg-key.pub as-is.
         let err = parse_and_validate_pubkey("Public key: not-a-real-key\n").unwrap_err();
-        assert!(err.contains("did not print a recognizable public key"), "got: {err}");
-        assert!(err.contains("not-a-real-key"), "error should quote what it actually saw: {err}");
+        assert!(
+            err.contains("did not print a recognizable public key"),
+            "got: {err}"
+        );
+        assert!(
+            err.contains("not-a-real-key"),
+            "error should quote what it actually saw: {err}"
+        );
     }
 }
 
Diff in /Users/inou/dev/rust/nrgize-rs/src/ssh/config.rs:176:
     User deploy
 "#;
         let config = SshConfig::parse(content);
-        assert_eq!(
-            config.resolve_host("staging"),
-            "admin@staging.example.com"
-        );
-        assert_eq!(
-            config.resolve_host("production"),
-            "deploy@prod.example.com"
-        );
+        assert_eq!(config.resolve_host("staging"), "admin@staging.example.com");
+        assert_eq!(config.resolve_host("production"), "deploy@prod.example.com");
     }
 
     #[test]
Diff in /Users/inou/dev/rust/nrgize-rs/src/ssh/config.rs:190:
     fn resolve_unknown_host_unchanged() {
         let config = SshConfig::parse("");
-        assert_eq!(
-            config.resolve_host("user@unknown.com"),
-            "user@unknown.com"
-        );
+        assert_eq!(config.resolve_host("user@unknown.com"), "user@unknown.com");
     }
 
     #[test]
Diff in /Users/inou/dev/rust/nrgize-rs/src/ssh/config.rs:292:
         let content = "Host web1 web2\n    User deploy\n    HostName 10.0.0.1\n";
         let config = SshConfig::parse(content);
         assert_eq!(
-            config.resolve_host("web1"), "web1",
+            config.resolve_host("web1"),
+            "web1",
             "individual alias `web1` must NOT resolve (multi-name Host lines aren't split)"
         );
         assert_eq!(
Diff in /Users/inou/dev/rust/nrgize-rs/src/ssh/config.rs:299:
-            config.resolve_host("web2"), "web2",
+            config.resolve_host("web2"),
+            "web2",
             "individual alias `web2` must NOT resolve (multi-name Host lines aren't split)"
         );
         // The literal, space-containing "key" this parser actually stored DOES resolve —
Diff in /Users/inou/dev/rust/nrgize-rs/src/ssh/config.rs:320:
         // "Connecting to..." banner (see this finding's own resolution note), the worst case is
         // a wrong `user@` hint in that banner, not a misconnection — not worth chasing further,
         // but recorded here rather than silently left for a future reader to rediscover.
-        let content = "Host myserver\n    HostName 192.168.1.100\n\nMatch host myserver\n    User deploy\n";
+        let content =
+            "Host myserver\n    HostName 192.168.1.100\n\nMatch host myserver\n    User deploy\n";
         let config = SshConfig::parse(content);
         assert_eq!(
-            config.resolve_host("myserver"), "192.168.1.100",
+            config.resolve_host("myserver"),
+            "192.168.1.100",
             "a `User` set inside a `Match` block must be silently ignored, not applied to \
              the preceding `Host` block"
         );
Diff in /Users/inou/dev/rust/nrgize-rs/src/trust.rs:111:
 
         chmod(&dir, 0o777);
         assert!(
-            untrusted_reason(&dir).unwrap().contains("writable by other users"),
+            untrusted_reason(&dir)
+                .unwrap()
+                .contains("writable by other users"),
             "0777 must be refused"
         );
         chmod(&file, 0o666);
Diff in /Users/inou/dev/rust/nrgize-rs/src/trust.rs:118:
-        assert!(untrusted_reason(&file).unwrap().contains("writable by other users"));
+        assert!(untrusted_reason(&file)
+            .unwrap()
+            .contains("writable by other users"));
     }
 
     #[test]
Diff in /Users/inou/dev/rust/nrgize-rs/src/trust.rs:126:
         std::fs::create_dir(&dir).unwrap();
         chmod(&dir, 0o1777);
         assert!(
-            untrusted_reason(&dir).unwrap().contains("writable by other users"),
+            untrusted_reason(&dir)
+                .unwrap()
+                .contains("writable by other users"),
             "a 1777 directory must be refused just like 0777"
         );
     }
Diff in /Users/inou/dev/rust/nrgize-rs/src/trust.rs:164:
             return;
         }
         assert!(
-            untrusted_reason(&dir).unwrap().contains("owned by uid 65534"),
+            untrusted_reason(&dir)
+                .unwrap()
+                .contains("owned by uid 65534"),
             "root must NOT be exempt from the ownership rule"
         );
     }
Diff in /Users/inou/dev/rust/nrgize-rs/tests/accessory_lifecycle.rs:116:
         });
     "#,
     );
-    assert!(plan.contains("stop -t"), "must stop the old container:\n{plan}");
+    assert!(
+        plan.contains("stop -t"),
+        "must stop the old container:\n{plan}"
+    );
     let rm_pos = plan
         .find("rm -f 'myapp-db'")
         .unwrap_or_else(|| panic!("must remove the old container:\n{plan}"));
Diff in /Users/inou/dev/rust/nrgize-rs/tests/accessory_lifecycle.rs:208:
         deploy::accessory_upgrade("host1", "myapp-cache", "redis:8");
     "#,
     );
-    assert!(plan.contains("redis:8"), "3-arg overload must still start the new image:\n{plan}");
+    assert!(
+        plan.contains("redis:8"),
+        "3-arg overload must still start the new image:\n{plan}"
+    );
 }
 
 #[test]
Diff in /Users/inou/dev/rust/nrgize-rs/tests/app.rs:32:
 "#,
     )
     .unwrap();
-    Command::cargo_bin("nrg").unwrap().current_dir(dir.path()).arg("exec").assert().success();
+    Command::cargo_bin("nrg")
+        .unwrap()
+        .current_dir(dir.path())
+        .arg("exec")
+        .assert()
+        .success();
 
     Command::cargo_bin("nrg")
         .unwrap()
Diff in /Users/inou/dev/rust/nrgize-rs/tests/app.rs:55:
     Command::cargo_bin("nrg")
         .unwrap()
         .current_dir(dir.path())
-        .args(["app", "exec", "app", "--host=-oProxyCommand=touch /tmp/pwned"])
+        .args([
+            "app",
+            "exec",
+            "app",
+            "--host=-oProxyCommand=touch /tmp/pwned",
+        ])
         .assert()
         .failure()
         .stderr(predicates::str::contains("looks like an option"));
Diff in /Users/inou/dev/rust/nrgize-rs/tests/apple_container.rs:86:
         .lines()
         .find(|l| l.contains("'ghcr.io/org/app:v1'"))
         .unwrap_or_else(|| panic!("no build line in plan:\n{plan}"));
-    assert!(line.contains("docker build -t "), "expected plain docker build: {line}");
+    assert!(
+        line.contains("docker build -t "),
+        "expected plain docker build: {line}"
+    );
 }
 
 #[test]
Diff in /Users/inou/dev/rust/nrgize-rs/tests/apple_container.rs:104:
         .find(|l| l.contains("'ghcr.io/org/app:v1'"))
         .unwrap_or_else(|| panic!("no build line in plan:\n{plan}"));
     assert!(line.contains("container build -t "), "got: {line}");
-    assert!(!line.contains("buildx"), "Apple's container tool has no buildx concept: {line}");
+    assert!(
+        !line.contains("buildx"),
+        "Apple's container tool has no buildx concept: {line}"
+    );
 }
 
 #[test]
Diff in /Users/inou/dev/rust/nrgize-rs/tests/apple_container.rs:190:
         .lines()
         .find(|l| l.contains(".nrg-build-ctx") && l.contains("build "))
         .unwrap_or_else(|| panic!("no remote build line in plan:\n{plan}"));
-    assert!(build.starts_with("  ssh") && build.contains("builder1"), "{build}");
-    assert!(build.contains("docker build"), "remote build must stay on docker, not Apple's container tool: {build}");
+    assert!(
+        build.starts_with("  ssh") && build.contains("builder1"),
+        "{build}"
+    );
+    assert!(
+        build.contains("docker build"),
+        "remote build must stay on docker, not Apple's container tool: {build}"
+    );
     assert!(!build.contains("container build"), "{build}");
 }
 
Diff in /Users/inou/dev/rust/nrgize-rs/tests/apple_container.rs:231:
         .lines()
         .find(|l| l.contains("'ghcr.io/org/app:v1'"))
         .unwrap_or_else(|| panic!("no push line in plan:\n{plan}"));
-    assert!(line.starts_with("  ssh") && line.contains("builder1"), "{line}");
-    assert!(line.contains("docker push 'ghcr.io/org/app:v1'"), "got: {line}");
+    assert!(
+        line.starts_with("  ssh") && line.contains("builder1"),
+        "{line}"
+    );
+    assert!(
+        line.contains("docker push 'ghcr.io/org/app:v1'"),
+        "got: {line}"
+    );
     assert!(!line.contains("container image push"), "got: {line}");
 }
 
Diff in /Users/inou/dev/rust/nrgize-rs/tests/apple_container.rs:274:
         .lines()
         .find(|l| l.contains("'ghcr.io'"))
         .unwrap_or_else(|| panic!("no login line in plan:\n{plan}"));
-    assert!(line.starts_with("  ssh") && line.contains("builder1"), "{line}");
-    assert!(line.contains("docker login 'ghcr.io' -u 'myuser' --password-stdin"), "got: {line}");
+    assert!(
+        line.starts_with("  ssh") && line.contains("builder1"),
+        "{line}"
+    );
+    assert!(
+        line.contains("docker login 'ghcr.io' -u 'myuser' --password-stdin"),
+        "got: {line}"
+    );
     assert!(!line.contains("registry login"), "got: {line}");
 }
 
Diff in /Users/inou/dev/rust/nrgize-rs/tests/apple_container.rs:314:
         .lines()
         .find(|l| l.contains("get-login-password"))
         .unwrap_or_else(|| panic!("no ecr login line in plan:\n{plan}"));
-    assert!(line.starts_with("  ssh") && line.contains("builder1"), "{line}");
-    assert!(line.contains("docker login --username AWS --password-stdin"), "got: {line}");
+    assert!(
+        line.starts_with("  ssh") && line.contains("builder1"),
+        "{line}"
+    );
+    assert!(
+        line.contains("docker login --username AWS --password-stdin"),
+        "got: {line}"
+    );
     assert!(!line.contains("registry login"), "got: {line}");
 }
 
Diff in /Users/inou/dev/rust/nrgize-rs/tests/apple_container.rs:344:
                 .arg("Energize.rhai")
                 .output()
                 .unwrap();
-            (out.status.success(), String::from_utf8_lossy(&out.stderr).into_owned())
+            (
+                out.status.success(),
+                String::from_utf8_lossy(&out.stderr).into_owned(),
+            )
         };
-        assert!(ok, "set_local_build_runtime(\"{runtime}\") must be accepted:\n{out}");
+        assert!(
+            ok,
+            "set_local_build_runtime(\"{runtime}\") must be accepted:\n{out}"
+        );
     }
 }
 
Diff in /Users/inou/dev/rust/nrgize-rs/tests/apple_container.rs:403:
         .lines()
         .filter(|l| l.contains("container build -t"))
         .collect();
-    assert_eq!(lines.len(), 2, "both builds must use the container runtime:\n{plan}");
+    assert_eq!(
+        lines.len(),
+        2,
+        "both builds must use the container runtime:\n{plan}"
+    );
 }
 
Diff in /Users/inou/dev/rust/nrgize-rs/tests/audit.rs:97:
 #[test]
 fn audit_filter_narrows_to_matching_target() {
     let dir = project(SCRIPT);
-    Command::cargo_bin("nrg").unwrap().current_dir(dir.path()).args(["run", "hello"]).assert().success();
     Command::cargo_bin("nrg")
         .unwrap()
         .current_dir(dir.path())
Diff in /Users/inou/dev/rust/nrgize-rs/tests/audit.rs:104:
+        .args(["run", "hello"])
+        .assert()
+        .success();
+    Command::cargo_bin("nrg")
+        .unwrap()
+        .current_dir(dir.path())
         .args(["run", "boom"])
         .assert()
         .failure();
Diff in /Users/inou/dev/rust/nrgize-rs/tests/audit.rs:118:
 #[test]
 fn audit_entries_are_most_recent_first() {
     let dir = project(SCRIPT);
-    Command::cargo_bin("nrg").unwrap().current_dir(dir.path()).args(["run", "hello"]).assert().success();
     Command::cargo_bin("nrg")
         .unwrap()
         .current_dir(dir.path())
Diff in /Users/inou/dev/rust/nrgize-rs/tests/audit.rs:125:
+        .args(["run", "hello"])
+        .assert()
+        .success();
+    Command::cargo_bin("nrg")
+        .unwrap()
+        .current_dir(dir.path())
         .args(["run", "boom"])
         .assert()
         .failure();
Diff in /Users/inou/dev/rust/nrgize-rs/tests/audit.rs:137:
     let stdout = String::from_utf8_lossy(&out.stdout);
     let hello_pos = stdout.find("run hello").unwrap();
     let boom_pos = stdout.find("run boom").unwrap();
-    assert!(boom_pos < hello_pos, "most recent (boom) must print first:\n{stdout}");
+    assert!(
+        boom_pos < hello_pos,
+        "most recent (boom) must print first:\n{stdout}"
+    );
 }
 
 /// The audit log's headline safety property: a secret revealed into a thrown error must never
Diff in /Users/inou/dev/rust/nrgize-rs/tests/audit.rs:167:
         !raw.contains("hunter2supersecretvalue"),
         "secret plaintext must never land in audit.log on disk:\n{raw}"
     );
-    assert!(raw.contains("***"), "a redaction marker should stand in for the secret:\n{raw}");
+    assert!(
+        raw.contains("***"),
+        "a redaction marker should stand in for the secret:\n{raw}"
+    );
 
     Command::cargo_bin("nrg")
         .unwrap()
Diff in /Users/inou/dev/rust/nrgize-rs/tests/audit.rs:238:
         .clone();
     let stdout = String::from_utf8_lossy(&out.stdout);
 
-    assert!(!stdout.contains('\r'), "a recorded CR must not reach the terminal:\n{stdout:?}");
     assert!(
+        !stdout.contains('\r'),
+        "a recorded CR must not reach the terminal:\n{stdout:?}"
+    );
+    assert!(
         !stdout.contains("\u{1b}[2K"),
         "a recorded erase-line sequence must not reach the terminal:\n{stdout:?}"
     );
Diff in /Users/inou/dev/rust/nrgize-rs/tests/audit.rs:270:
         .arg("audit")
         .assert()
         .success()
-        .stdout(predicates::str::contains("2026-07-25T09:59:59Z  Zoë@münchen.example"))
-        .stdout(predicates::str::contains(r#"run déploy 東京/路径 🚀 --flag="a b""#))
-        .stdout(predicates::str::contains("failed: échec sur münchen.example ❌"));
+        .stdout(predicates::str::contains(
+            "2026-07-25T09:59:59Z  Zoë@münchen.example",
+        ))
+        .stdout(predicates::str::contains(
+            r#"run déploy 東京/路径 🚀 --flag="a b""#,
+        ))
+        .stdout(predicates::str::contains(
+            "failed: échec sur münchen.example ❌",
+        ));
 }
 
Diff in /Users/inou/dev/rust/nrgize-rs/tests/bunny.rs:54:
     }
     cmd.arg("Energize.rhai");
     let out = cmd.output().unwrap();
-    let combined = String::from_utf8_lossy(&out.stdout).into_owned()
-        + &String::from_utf8_lossy(&out.stderr);
+    let combined =
+        String::from_utf8_lossy(&out.stdout).into_owned() + &String::from_utf8_lossy(&out.stderr);
     (out.status.success(), combined)
 }
 
Diff in /Users/inou/dev/rust/nrgize-rs/tests/bunny.rs:73:
         use std::io::{Read, Write};
         for response in responses {
             if let Ok((mut stream, _)) = listener.accept() {
-                stream.set_read_timeout(Some(std::time::Duration::from_millis(500))).unwrap();
+                stream
+                    .set_read_timeout(Some(std::time::Duration::from_millis(500)))
+                    .unwrap();
                 let mut received = Vec::new();
                 let mut buf = [0u8; 4096];
                 loop {
Diff in /Users/inou/dev/rust/nrgize-rs/tests/bunny.rs:90:
                             if let Some(header_end) = text.find("\r\n\r\n") {
                                 let body_len = text
                                     .lines()
-                                    .find_map(|l| l.to_lowercase().strip_prefix("content-length:").map(|v| v.trim().parse::<usize>().unwrap_or(0)))
+                                    .find_map(|l| {
+                                        l.to_lowercase()
+                                            .strip_prefix("content-length:")
+                                            .map(|v| v.trim().parse::<usize>().unwrap_or(0))
+                                    })
                                     .unwrap_or(0);
                                 if received.len() >= header_end + 4 + body_len {
                                     break;
Diff in /Users/inou/dev/rust/nrgize-rs/tests/bunny.rs:150:
     assert!(ok, "{out}");
     assert!(out.contains("STATUS=200"), "{out}");
 
-    let get_req = rx.recv_timeout(std::time::Duration::from_secs(5)).expect("no GET received");
+    let get_req = rx
+        .recv_timeout(std::time::Duration::from_secs(5))
+        .expect("no GET received");
     assert!(get_req.contains("GET /mc/apps/app1"), "{get_req}");
-    assert!(get_req.to_lowercase().contains("accesskey: testkey"), "{get_req}");
+    assert!(
+        get_req.to_lowercase().contains("accesskey: testkey"),
+        "{get_req}"
+    );
 
-    let patch_req = rx.recv_timeout(std::time::Duration::from_secs(5)).expect("no PATCH received");
+    let patch_req = rx
+        .recv_timeout(std::time::Duration::from_secs(5))
+        .expect("no PATCH received");
     assert!(
         patch_req.contains("PATCH /mc/apps/app1/containers/c-web"),
         "must PATCH the MATCHED container's id (c-web), not the app id or container name:\n{patch_req}"
Diff in /Users/inou/dev/rust/nrgize-rs/tests/bunny.rs:161:
     );
-    assert!(patch_req.to_lowercase().contains("accesskey: testkey"), "{patch_req}");
     assert!(
+        patch_req.to_lowercase().contains("accesskey: testkey"),
+        "{patch_req}"
+    );
+    assert!(
         patch_req.contains("\"imageTag\":\"v2\""),
         "PATCH body must carry the new image tag:\n{patch_req}"
     );
Diff in /Users/inou/dev/rust/nrgize-rs/tests/bunny.rs:234:
         &dir,
         false,
     );
-    assert!(ok, "deploy_app must still succeed even with no reported current tag:\n{out}");
     assert!(
+        ok,
+        "deploy_app must still succeed even with no reported current tag:\n{out}"
+    );
+    assert!(
         out.contains("skipping the rollback snapshot"),
         "must print the documented skip notice:\n{out}"
     );
Diff in /Users/inou/dev/rust/nrgize-rs/tests/bunny.rs:606:
         true,
     );
     assert!(ok2, "{out2}");
-    assert!(out2.contains("STATUS=200"), "PATCH must synthesize a 200 under dry-run:\n{out2}");
     assert!(
+        out2.contains("STATUS=200"),
+        "PATCH must synthesize a 200 under dry-run:\n{out2}"
+    );
+    assert!(
         out2.contains("[assumed ok] PATCH"),
         "the PATCH must be recorded as short-circuited, never really sent:\n{out2}"
     );
Diff in /Users/inou/dev/rust/nrgize-rs/tests/bunny.rs:614:
 
-    let _get = rx2.recv_timeout(std::time::Duration::from_secs(5)).expect("the GET must be real");
+    let _get = rx2
+        .recv_timeout(std::time::Duration::from_secs(5))
+        .expect("the GET must be real");
     assert!(
-        rx2.recv_timeout(std::time::Duration::from_millis(300)).is_err(),
+        rx2.recv_timeout(std::time::Duration::from_millis(300))
+            .is_err(),
         "no second (PATCH) connection should ever have been attempted under --dry-run"
     );
 }
Diff in /Users/inou/dev/rust/nrgize-rs/tests/bunny.rs:640:
         "#
     ));
     assert!(ok, "{out}");
-    assert!(out.contains("STATUS=200"), "PATCH must synthesize a 200 under dry-run:\n{out}");
     assert!(
+        out.contains("STATUS=200"),
+        "PATCH must synthesize a 200 under dry-run:\n{out}"
+    );
+    assert!(
         out.contains("GET http://") && out.contains("-> 200 (probed live)"),
         "the GET must be recorded as a REAL probe, per Phase 1's http_get semantics:\n{out}"
     );
Diff in /Users/inou/dev/rust/nrgize-rs/tests/bunny.rs:660:
     // this `recv_timeout` would simply time out (no third message was ever sent). Draining the
     // one message we DO expect and then confirming there's nothing else proves no second
     // connection (the PATCH) was ever attempted.
-    let _get = rx.recv_timeout(std::time::Duration::from_secs(5)).expect("the GET must be real");
+    let _get = rx
+        .recv_timeout(std::time::Duration::from_secs(5))
+        .expect("the GET must be real");
     assert!(
-        rx.recv_timeout(std::time::Duration::from_millis(300)).is_err(),
+        rx.recv_timeout(std::time::Duration::from_millis(300))
+            .is_err(),
         "no second (PATCH) connection should ever have been attempted under --dry-run"
     );
 }
Diff in /Users/inou/dev/rust/nrgize-rs/tests/bunny.rs:746:
     assert!(ok, "{out}");
     assert!(out.contains("DONE"), "{out}");
     assert!(
-        rx.recv_timeout(std::time::Duration::from_millis(300)).is_err(),
+        rx.recv_timeout(std::time::Duration::from_millis(300))
+            .is_err(),
         "wait_for_image must never poll under --dry-run:\n{out}"
     );
 }
Diff in /Users/inou/dev/rust/nrgize-rs/tests/bunny.rs:792:
 
     let get_req = rx.recv_timeout(std::time::Duration::from_secs(5)).unwrap();
     assert!(
-        get_req.to_lowercase().contains("accesskey: real-secret-key"),
+        get_req
+            .to_lowercase()
+            .contains("accesskey: real-secret-key"),
         "a bare secret() api_key must be revealed and sent as the AccessKey header:\n{get_req}"
     );
 }
Diff in /Users/inou/dev/rust/nrgize-rs/tests/bunny.rs:827:
 ) -> (std::net::SocketAddr, std::sync::mpsc::Receiver<String>) {
     spawn_bunny_responder(vec![
         Box::leak(
-            app_config_response(&format!(r#"{{"id":"c-web","name":"web","imageTag":"{old_tag}"}}"#))
-                .into_boxed_str(),
+            app_config_response(&format!(
+                r#"{{"id":"c-web","name":"web","imageTag":"{old_tag}"}}"#
+            ))
+            .into_boxed_str(),
         ),
         patch_ok_response(),
         Box::leak(
Diff in /Users/inou/dev/rust/nrgize-rs/tests/bunny.rs:835:
-            app_config_response(&format!(r#"{{"id":"c-web","name":"web","imageTag":"{new_tag}"}}"#))
-                .into_boxed_str(),
+            app_config_response(&format!(
+                r#"{{"id":"c-web","name":"web","imageTag":"{new_tag}"}}"#
+            ))
+            .into_boxed_str(),
         ),
     ])
 }
Diff in /Users/inou/dev/rust/nrgize-rs/tests/bunny.rs:878:
         ], #{{api_key: "testkey"}});
         "#
     ));
-    assert!(!ok, "must throw once the canary failure exceeds max_failures: 0:\n{out}");
-    assert!(out.contains("app-a"), "error must name the failed target:\n{out}");
     assert!(
-        rx_b.recv_timeout(std::time::Duration::from_millis(300)).is_err(),
+        !ok,
+        "must throw once the canary failure exceeds max_failures: 0:\n{out}"
+    );
+    assert!(
+        out.contains("app-a"),
+        "error must name the failed target:\n{out}"
+    );
+    assert!(
+        rx_b.recv_timeout(std::time::Duration::from_millis(300))
+            .is_err(),
         "app-b must never be contacted once the canary already exceeded max_failures:\n{out}"
     );
 }
Diff in /Users/inou/dev/rust/nrgize-rs/tests/bunny.rs:916:
         "canary's failure (1) plus the batch's failure (1) must exceed max_failures: 1 — \
          if the count were reset between phases this would wrongly stay at 1 and not throw:\n{out}"
     );
-    assert!(out.contains("app-a") && out.contains("app-b"), "error must name BOTH failures:\n{out}");
+    assert!(
+        out.contains("app-a") && out.contains("app-b"),
+        "error must name BOTH failures:\n{out}"
+    );
 }
 
 #[test]
Diff in /Users/inou/dev/rust/nrgize-rs/tests/bunny.rs:941:
     );
     assert!(ok, "{out}");
 
-    let (ok2, out2) =
-        run_in(r#"print("PREV=" + state_get("bunny.app-a.web.prev"));"#, &dir, false);
+    let (ok2, out2) = run_in(
+        r#"print("PREV=" + state_get("bunny.app-a.web.prev"));"#,
+        &dir,
+        false,
+    );
     assert!(ok2, "{out2}");
     assert!(
         out2.contains("PREV=v1"),
Diff in /Users/inou/dev/rust/nrgize-rs/tests/bunny.rs:971:
         print("SUCCEEDED=" + r.succeeded.len() + " FAILED=" + r.failed.len());
         "#
     ));
-    assert!(ok, "one canary health failure within max_failures: 1 must not throw:\n{out}");
     assert!(
+        ok,
+        "one canary health failure within max_failures: 1 must not throw:\n{out}"
+    );
+    assert!(
         out.contains("SUCCEEDED=0 FAILED=1"),
         "the canary's health_url check must count a never-responding endpoint as a target \
          failure despite the PATCH itself succeeding:\n{out}"
Diff in /Users/inou/dev/rust/nrgize-rs/tests/bunny.rs:1001:
         print("SUCCEEDED=" + r.succeeded.len() + " FAILED=" + r.failed.len() + " FIRST_FAIL=" + r.failed[0].app_id);
         "#
     ));
-    assert!(ok, "one failure within max_failures: 1 must not throw:\n{out}");
-    assert!(out.contains("SUCCEEDED=1 FAILED=1 FIRST_FAIL=app-bad"), "{out}");
+    assert!(
+        ok,
+        "one failure within max_failures: 1 must not throw:\n{out}"
+    );
+    assert!(
+        out.contains("SUCCEEDED=1 FAILED=1 FIRST_FAIL=app-bad"),
+        "{out}"
+    );
 }
 
 #[test]
Diff in /Users/inou/dev/rust/nrgize-rs/tests/bunny.rs:1028:
         ], #{{api_key: "testkey", canary_size: 0, batch_size: 1, max_failures: 0}});
         "#
     ));
-    assert!(!ok, "must throw once the first batch's failure exceeds max_failures: 0:\n{out}");
-    assert!(out.contains("app-a"), "error must name the failed target:\n{out}");
     assert!(
-        rx_c.recv_timeout(std::time::Duration::from_millis(300)).is_err(),
+        !ok,
+        "must throw once the first batch's failure exceeds max_failures: 0:\n{out}"
+    );
+    assert!(
+        out.contains("app-a"),
+        "error must name the failed target:\n{out}"
+    );
+    assert!(
+        rx_c.recv_timeout(std::time::Duration::from_millis(300))
+            .is_err(),
         "app-c's batch must never be dispatched once the threshold was already exceeded:\n{out}"
     );
 }
Diff in /Users/inou/dev/rust/nrgize-rs/tests/bunny.rs:1060:
 
     // Each listener was given exactly ONE canned response (for the honest GET) — a real PATCH
     // would need a SECOND connection neither listener has a response queued for.
-    let _get_a = rx_a.recv_timeout(std::time::Duration::from_secs(5)).expect("GET must be real");
-    assert!(rx_a.recv_timeout(std::time::Duration::from_millis(300)).is_err(), "no real PATCH for app-a under --dry-run");
-    let _get_b = rx_b.recv_timeout(std::time::Duration::from_secs(5)).expect("GET must be real");
-    assert!(rx_b.recv_timeout(std::time::Duration::from_millis(300)).is_err(), "no real PATCH for app-b under --dry-run");
+    let _get_a = rx_a
+        .recv_timeout(std::time::Duration::from_secs(5))
+        .expect("GET must be real");
+    assert!(
+        rx_a.recv_timeout(std::time::Duration::from_millis(300))
+            .is_err(),
+        "no real PATCH for app-a under --dry-run"
+    );
+    let _get_b = rx_b
+        .recv_timeout(std::time::Duration::from_secs(5))
+        .expect("GET must be real");
+    assert!(
+        rx_b.recv_timeout(std::time::Duration::from_millis(300))
+            .is_err(),
+        "no real PATCH for app-b under --dry-run"
+    );
 }
 
 #[test]
Diff in /Users/inou/dev/rust/nrgize-rs/tests/bunny.rs:1087:
         print("SUCCEEDED=" + r.succeeded.len() + " FAILED=" + r.failed.len());
         "#
     ));
-    assert!(ok, "one health failure within max_failures: 1 must not throw:\n{out}");
     assert!(
+        ok,
+        "one health failure within max_failures: 1 must not throw:\n{out}"
+    );
+    assert!(
         out.contains("SUCCEEDED=0 FAILED=1"),
         "a health_url that never responds must count as a target failure despite the PATCH \
          itself succeeding:\n{out}"
Diff in /Users/inou/dev/rust/nrgize-rs/tests/bunny.rs:1159:
         "error must name the offending index and field:\n{out}"
     );
     assert!(
-        rx_a.recv_timeout(std::time::Duration::from_millis(300)).is_err(),
+        rx_a.recv_timeout(std::time::Duration::from_millis(300))
+            .is_err(),
         "the malformed target must never be contacted:\n{out}"
     );
     assert!(
Diff in /Users/inou/dev/rust/nrgize-rs/tests/bunny.rs:1166:
-        rx_b.recv_timeout(std::time::Duration::from_millis(300)).is_err(),
+        rx_b.recv_timeout(std::time::Duration::from_millis(300))
+            .is_err(),
         "validation must happen before ANY target is contacted, not just the malformed one:\n{out}"
     );
 }
Diff in /Users/inou/dev/rust/nrgize-rs/tests/bunny.rs:1218:
             "#
         ));
         assert!(!ok, "must refuse a cfg.{key} key:\n{out}");
-        assert!(out.contains(key), "error must name the offending key \"{key}\":\n{out}");
         assert!(
-            rx.recv_timeout(std::time::Duration::from_millis(300)).is_err(),
+            out.contains(key),
+            "error must name the offending key \"{key}\":\n{out}"
+        );
+        assert!(
+            rx.recv_timeout(std::time::Duration::from_millis(300))
+                .is_err(),
             "must refuse \"{key}\" before any network call:\n{out}"
         );
     }
Diff in /Users/inou/dev/rust/nrgize-rs/tests/bunny.rs:1240:
         "#
     ));
     assert!(!ok, "must refuse a cfg.region key:\n{out}");
-    assert!(out.contains("region"), "error must name the offending key:\n{out}");
     assert!(
+        out.contains("region"),
+        "error must name the offending key:\n{out}"
+    );
+    assert!(
         out.contains("replica"),
         "error must explain the volume-pinning reason, not just reject silently:\n{out}"
     );
Diff in /Users/inou/dev/rust/nrgize-rs/tests/bunny.rs:1248:
     assert!(
-        rx.recv_timeout(std::time::Duration::from_millis(300)).is_err(),
+        rx.recv_timeout(std::time::Duration::from_millis(300))
+            .is_err(),
         "must refuse before any network call:\n{out}"
     );
 }
Diff in /Users/inou/dev/rust/nrgize-rs/tests/bunny.rs:1265:
         "#
     ));
     assert!(!ok, "must refuse a cfg.replicas key:\n{out}");
-    assert!(out.contains("replicas"), "error must name the offending key:\n{out}");
     assert!(
-        rx.recv_timeout(std::time::Duration::from_millis(300)).is_err(),
+        out.contains("replicas"),
+        "error must name the offending key:\n{out}"
+    );
+    assert!(
+        rx.recv_timeout(std::time::Duration::from_millis(300))
+            .is_err(),
         "must refuse before any network call:\n{out}"
     );
 }
Diff in /Users/inou/dev/rust/nrgize-rs/tests/bunny.rs:1285:
         "#
     ));
     assert!(!ok, "must refuse a target's scale key:\n{out}");
-    assert!(out.contains("scale"), "error must name the offending key:\n{out}");
     assert!(
+        out.contains("scale"),
+        "error must name the offending key:\n{out}"
+    );
+    assert!(
         out.contains("targets[0]"),
         "error must name WHICH map the key came from (a target, by index), not just deploy_fleet \
          generically — with hundreds of targets \"which one?\" is the first debugging question:\n{out}"
Diff in /Users/inou/dev/rust/nrgize-rs/tests/bunny.rs:1293:
     );
     assert!(
-        rx.recv_timeout(std::time::Duration::from_millis(300)).is_err(),
+        rx.recv_timeout(std::time::Duration::from_millis(300))
+            .is_err(),
         "must refuse before any target is contacted:\n{out}"
     );
 }
Diff in /Users/inou/dev/rust/nrgize-rs/tests/bunny.rs:1312:
         ], #{{api_key: "testkey", zone: "eu-west"}});
         "#
     ));
-    assert!(!ok, "must refuse a cfg.zone key on the shared fleet cfg:\n{out}");
-    assert!(out.contains("zone"), "error must name the offending key:\n{out}");
     assert!(
+        !ok,
+        "must refuse a cfg.zone key on the shared fleet cfg:\n{out}"
+    );
+    assert!(
+        out.contains("zone"),
+        "error must name the offending key:\n{out}"
+    );
+    assert!(
         out.contains("(cfg)"),
         "error must name the SHARED cfg as the source, distinct from a per-target error:\n{out}"
     );
Diff in /Users/inou/dev/rust/nrgize-rs/tests/bunny.rs:1321:
     assert!(
-        rx.recv_timeout(std::time::Duration::from_millis(300)).is_err(),
+        rx.recv_timeout(std::time::Duration::from_millis(300))
+            .is_err(),
         "must refuse before any target is contacted:\n{out}"
     );
 }
Diff in /Users/inou/dev/rust/nrgize-rs/tests/bunny.rs:1391:
             "#
         ));
         assert!(!ok, "must throw when \"{skip}\" is missing:\n{out}");
-        assert!(out.contains(skip), "error must name the missing key \"{skip}\":\n{out}");
         assert!(
-            rx.recv_timeout(std::time::Duration::from_millis(300)).is_err(),
+            out.contains(skip),
+            "error must name the missing key \"{skip}\":\n{out}"
+        );
+        assert!(
+            rx.recv_timeout(std::time::Duration::from_millis(300))
+                .is_err(),
             "must refuse before any network call when \"{skip}\" is missing:\n{out}"
         );
     }
Diff in /Users/inou/dev/rust/nrgize-rs/tests/bunny.rs:1401:
 
 #[test]
 fn create_app_refuses_a_denylisted_key_before_contacting_anything() {
-    for key in ["region", "regions", "replica", "replicas", "replica_count", "scale", "zone"] {
+    for key in [
+        "region",
+        "regions",
+        "replica",
+        "replicas",
+        "replica_count",
+        "scale",
+        "zone",
+    ] {
         let (addr, rx) = spawn_bunny_probe_listener();
         let (ok, out) = run_live(&format!(
             r#"
Diff in /Users/inou/dev/rust/nrgize-rs/tests/bunny.rs:1414:
             "#
         ));
         assert!(!ok, "must refuse a cfg.{key} key:\n{out}");
-        assert!(out.contains(key), "error must name the offending key \"{key}\":\n{out}");
         assert!(
-            rx.recv_timeout(std::time::Duration::from_millis(300)).is_err(),
+            out.contains(key),
+            "error must name the offending key \"{key}\":\n{out}"
+        );
+        assert!(
+            rx.recv_timeout(std::time::Duration::from_millis(300))
+                .is_err(),
             "must refuse \"{key}\" before any network call:\n{out}"
         );
     }
Diff in /Users/inou/dev/rust/nrgize-rs/tests/bunny.rs:1428:
     // value, serialize via to_json as a literal `null`, and go out in a REAL POST — the same
     // silent-malformed-write class of bug the top-level mandatory-key check already prevents.
     for volume in [
-        r#"volume: #{size: 10, path: "/data"},"#,   // missing name
+        r#"volume: #{size: 10, path: "/data"},"#,     // missing name
         r#"volume: #{name: "data", path: "/data"},"#, // missing size
-        r#"volume: #{name: "data", size: 10},"#,     // missing path
+        r#"volume: #{name: "data", size: 10},"#,      // missing path
         r#"volume: #{name: "data", size: "10", path: "/data"},"#, // size not an integer
-        r#"volume: #{name: "data", size: 0, path: "/data"},"#,    // size not positive
+        r#"volume: #{name: "data", size: 0, path: "/data"},"#, // size not positive
     ] {
         let (addr, rx) = spawn_bunny_probe_listener();
         let (ok, out) = run_live(&format!(
Diff in /Users/inou/dev/rust/nrgize-rs/tests/bunny.rs:1451:
             "error must name cfg.volume specifically:\n{out}"
         );
         assert!(
-            rx.recv_timeout(std::time::Duration::from_millis(300)).is_err(),
+            rx.recv_timeout(std::time::Duration::from_millis(300))
+                .is_err(),
             "must refuse before any network call:\n{out}"
         );
     }
Diff in /Users/inou/dev/rust/nrgize-rs/tests/bunny.rs:1460:
 #[test]
 fn create_app_refuses_a_partial_env_entry_before_contacting_anything() {
     for env in [
-        r#"env: [#{value: "bar"}],"#,          // missing name
-        r#"env: [#{name: "FOO"}],"#,           // missing value
+        r#"env: [#{value: "bar"}],"#,           // missing name
+        r#"env: [#{name: "FOO"}],"#,            // missing value
         r#"env: [#{name: "", value: "bar"}],"#, // empty name
     ] {
         let (addr, rx) = spawn_bunny_probe_listener();
Diff in /Users/inou/dev/rust/nrgize-rs/tests/bunny.rs:1481:
             "error must name the offending env entry by index:\n{out}"
         );
         assert!(
-            rx.recv_timeout(std::time::Duration::from_millis(300)).is_err(),
+            rx.recv_timeout(std::time::Duration::from_millis(300))
+                .is_err(),
             "must refuse before any network call:\n{out}"
         );
     }
Diff in /Users/inou/dev/rust/nrgize-rs/tests/bunny.rs:1505:
         }});
         "#
     ));
-    assert!(ok, "an env entry with an explicitly empty value must be accepted:\n{out}");
+    assert!(
+        ok,
+        "an env entry with an explicitly empty value must be accepted:\n{out}"
+    );
     let req = rx.recv_timeout(std::time::Duration::from_secs(5)).unwrap();
-    assert!(req.contains("\"name\":\"FOO\"") && req.contains("\"value\":\"\""), "{req}");
+    assert!(
+        req.contains("\"name\":\"FOO\"") && req.contains("\"value\":\"\""),
+        "{req}"
+    );
 }
 
 #[test]
Diff in /Users/inou/dev/rust/nrgize-rs/tests/bunny.rs:1529:
         print("ID=" + r.id);
         "#
     ));
-    assert!(ok, "a cfg using the correct region_id key must not be refused:\n{out}");
+    assert!(
+        ok,
+        "a cfg using the correct region_id key must not be refused:\n{out}"
+    );
     assert!(out.contains("ID=new-app"), "{out}");
 
-    let req = rx.recv_timeout(std::time::Duration::from_secs(5)).expect("no POST received");
+    let req = rx
+        .recv_timeout(std::time::Duration::from_secs(5))
+        .expect("no POST received");
     assert!(req.contains("POST /mc/apps"), "{req}");
 }
 
Diff in /Users/inou/dev/rust/nrgize-rs/tests/bunny.rs:1556:
         "#
     ));
     assert!(ok, "{out}");
-    assert!(out.contains("ID=new-app"), "must return the created app (from_json(r.body)):\n{out}");
+    assert!(
+        out.contains("ID=new-app"),
+        "must return the created app (from_json(r.body)):\n{out}"
+    );
 
-    let req = rx.recv_timeout(std::time::Duration::from_secs(5)).expect("no POST received");
+    let req = rx
+        .recv_timeout(std::time::Duration::from_secs(5))
+        .expect("no POST received");
     assert!(req.contains("POST /mc/apps"), "{req}");
     assert!(req.to_lowercase().contains("accesskey: testkey"), "{req}");
     assert!(req.contains("\"name\":\"myapp\""), "{req}");
Diff in /Users/inou/dev/rust/nrgize-rs/tests/bunny.rs:1730:
         print("DONE");
         "#
     ));
-    assert!(ok, "create_app must not crash trying to parse an empty dry-run body:\n{out}");
+    assert!(
+        ok,
+        "create_app must not crash trying to parse an empty dry-run body:\n{out}"
+    );
     assert!(out.contains("DONE"), "{out}");
     assert!(
         out.contains("[assumed ok] POST"),
Diff in /Users/inou/dev/rust/nrgize-rs/tests/bunny.rs:1737:
         "the POST must be recorded as short-circuited, never really sent:\n{out}"
     );
     assert!(
-        rx.recv_timeout(std::time::Duration::from_millis(300)).is_err(),
+        rx.recv_timeout(std::time::Duration::from_millis(300))
+            .is_err(),
         "create_app must never make a real POST under --dry-run:\n{out}"
     );
 }
Diff in /Users/inou/dev/rust/nrgize-rs/tests/bunny.rs:1758:
             bunny::delete_app(#{{{cfg_body} base_url: "http://{addr}"}});
             "#
         ));
-        assert!(!ok, "must refuse a missing/empty app_id ({cfg_body}):\n{out}");
-        assert!(out.contains("app_id"), "error must name the missing key:\n{out}");
         assert!(
-            rx.recv_timeout(std::time::Duration::from_millis(300)).is_err(),
+            !ok,
+            "must refuse a missing/empty app_id ({cfg_body}):\n{out}"
+        );
+        assert!(
+            out.contains("app_id"),
+            "error must name the missing key:\n{out}"
+        );
+        assert!(
+            rx.recv_timeout(std::time::Duration::from_millis(300))
+                .is_err(),
             "must refuse before any network call:\n{out}"
         );
     }
Diff in /Users/inou/dev/rust/nrgize-rs/tests/bunny.rs:1781:
     assert!(ok, "{out}");
     assert!(out.contains("STATUS=200"), "{out}");
 
-    let req = rx.recv_timeout(std::time::Duration::from_secs(5)).expect("no DELETE received");
+    let req = rx
+        .recv_timeout(std::time::Duration::from_secs(5))
+        .expect("no DELETE received");
     assert!(req.contains("DELETE /mc/apps/app1"), "{req}");
     assert!(req.to_lowercase().contains("accesskey: testkey"), "{req}");
 }
Diff in /Users/inou/dev/rust/nrgize-rs/tests/bunny.rs:1829:
         "#
     ));
     assert!(ok, "{out}");
-    assert!(out.contains("STATUS=200"), "DELETE must synthesize a 200 under dry-run:\n{out}");
     assert!(
+        out.contains("STATUS=200"),
+        "DELETE must synthesize a 200 under dry-run:\n{out}"
+    );
+    assert!(
         out.contains("[assumed ok] DELETE"),
         "the DELETE must be recorded as short-circuited, never really sent:\n{out}"
     );
Diff in /Users/inou/dev/rust/nrgize-rs/tests/bunny.rs:1837:
     assert!(
-        rx.recv_timeout(std::time::Duration::from_millis(300)).is_err(),
+        rx.recv_timeout(std::time::Duration::from_millis(300))
+            .is_err(),
         "delete_app must never make a real DELETE under --dry-run:\n{out}"
     );
 }
Diff in /Users/inou/dev/rust/nrgize-rs/tests/caddy_patch_conflict.rs:116:
     let log = bin.path().join("curl_argv.log");
     fake_curl_bin(bin.path(), &log);
 
-    let path = format!("{}:{}", bin.path().display(), std::env::var("PATH").unwrap());
+    let path = format!(
+        "{}:{}",
+        bin.path().display(),
+        std::env::var("PATH").unwrap()
+    );
     let out = StdCommand::new("sh")
         .arg("-c")
         .arg(cmd)
Diff in /Users/inou/dev/rust/nrgize-rs/tests/caddy_patch_conflict.rs:125:
         .output()
         .unwrap();
 
-    let calls = fs::read_to_string(&log).unwrap_or_default().lines().map(|s| s.to_string()).collect();
-    (out.status.success(), calls, String::from_utf8_lossy(&out.stderr).into_owned())
+    let calls = fs::read_to_string(&log)
+        .unwrap_or_default()
+        .lines()
+        .map(|s| s.to_string())
+        .collect();
+    (
+        out.status.success(),
+        calls,
+        String::from_utf8_lossy(&out.stderr).into_owned(),
+    )
 }
 
 /// Get the exact shell command `proxy_remove` builds, the same way `proxy_deploy_cmd` does.
Diff in /Users/inou/dev/rust/nrgize-rs/tests/caddy_patch_conflict.rs:160:
 fn patch_404_falls_through_to_post() {
     let cmd = proxy_deploy_cmd();
     let (ok, calls, _stderr) = run_with_fake_curl(&cmd, "404");
-    assert!(ok, "a 404-then-POST sequence must succeed overall: {calls:?}");
-    assert!(calls.iter().any(|c| c.contains("PATCH")), "PATCH must have been attempted: {calls:?}");
     assert!(
+        ok,
+        "a 404-then-POST sequence must succeed overall: {calls:?}"
+    );
+    assert!(
+        calls.iter().any(|c| c.contains("PATCH")),
+        "PATCH must have been attempted: {calls:?}"
+    );
+    assert!(
         calls.iter().any(|c| c.contains("POST")),
         "a 404 on PATCH (route doesn't exist yet) must fall through to POST: {calls:?}"
     );
Diff in /Users/inou/dev/rust/nrgize-rs/tests/caddy_patch_conflict.rs:185:
     // silently fall through to POST (appending a duplicate route) instead of failing.
     let cmd = proxy_deploy_cmd();
     let (ok, calls, stderr) = run_with_fake_curl(&cmd, "500");
-    assert!(!ok, "a transient 500 on PATCH must fail the whole command, not silently succeed");
     assert!(
+        !ok,
+        "a transient 500 on PATCH must fail the whole command, not silently succeed"
+    );
+    assert!(
         !calls.iter().any(|c| c.contains("POST")),
         "a 500 on PATCH (an EXISTING route, transient failure) must NOT fall through to POST — \
          that would append a duplicate route while the stale upstream keeps serving traffic: {calls:?}"
Diff in /Users/inou/dev/rust/nrgize-rs/tests/caddy_patch_conflict.rs:204:
     // treated the same as any other non-404/non-2xx failure, not silently treated as "route absent".
     let cmd = proxy_deploy_cmd();
     let (ok, calls, _stderr) = run_with_fake_curl(&cmd, "000");
-    assert!(!ok, "a connection-level PATCH failure (\"000\") must fail the whole command");
     assert!(
+        !ok,
+        "a connection-level PATCH failure (\"000\") must fail the whole command"
+    );
+    assert!(
         !calls.iter().any(|c| c.contains("POST")),
         "\"000\" must NOT be treated as \"route absent\" and fall through to POST: {calls:?}"
     );
Diff in /Users/inou/dev/rust/nrgize-rs/tests/caddy_patch_conflict.rs:253:
     // hint, not silently succeed or produce a generic error.
     let cmd = proxy_maintenance_cmd();
     let (ok, _calls, stderr) = run_with_fake_curl(&cmd, "404");
-    assert!(!ok, "a 404 (route doesn't exist) must fail, not silently succeed");
     assert!(
+        !ok,
+        "a 404 (route doesn't exist) must fail, not silently succeed"
+    );
+    assert!(
         stderr.contains("must already exist") && stderr.contains("proxy_deploy"),
         "a 404 must surface the specific 'deploy first' hint: {stderr:?}"
     );
Diff in /Users/inou/dev/rust/nrgize-rs/tests/caddy_patch_conflict.rs:267:
     let cmd = proxy_maintenance_cmd();
     let (ok, _calls, stderr) = run_with_fake_curl(&cmd, "500");
     assert!(!ok, "a 500 on the maintenance PATCH must fail");
-    assert!(stderr.contains("500"), "the failure should name the HTTP status: {stderr:?}");
     assert!(
+        stderr.contains("500"),
+        "the failure should name the HTTP status: {stderr:?}"
+    );
+    assert!(
         !stderr.contains("must already exist"),
         "a 500 must NOT get the 404-specific 'route must already exist' hint: {stderr:?}"
     );
Diff in /Users/inou/dev/rust/nrgize-rs/tests/caddy_patch_conflict.rs:278:
 fn delete_404_succeeds_since_the_route_is_already_gone() {
     let cmd = proxy_remove_cmd();
     let (ok, _calls, _stderr) = run_with_fake_curl(&cmd, "404");
-    assert!(ok, "a 404 on DELETE means the route is already gone — that's a successful removal");
+    assert!(
+        ok,
+        "a 404 on DELETE means the route is already gone — that's a successful removal"
+    );
 }
 
 #[test]
Diff in /Users/inou/dev/rust/nrgize-rs/tests/caddy_patch_conflict.rs:294:
     // so a transient admin-API error looked identical to "already removed".
     let cmd = proxy_remove_cmd();
     let (ok, _calls, stderr) = run_with_fake_curl(&cmd, "500");
-    assert!(!ok, "a transient 500 on DELETE must fail, not be silently swallowed as success");
-    assert!(stderr.contains("500"), "the failure should name the HTTP status: {stderr:?}");
+    assert!(
+        !ok,
+        "a transient 500 on DELETE must fail, not be silently swallowed as success"
+    );
+    assert!(
+        stderr.contains("500"),
+        "the failure should name the HTTP status: {stderr:?}"
+    );
 }
 
Diff in /Users/inou/dev/rust/nrgize-rs/tests/caddy_proxy.rs:73:
     );
 
     // Caddy is booted (with --resume for route durability) and the switch goes through its admin API.
-    assert!(plan.contains("docker pull 'caddy:2'"), "missing caddy boot:\n{plan}");
     assert!(
+        plan.contains("docker pull 'caddy:2'"),
+        "missing caddy boot:\n{plan}"
+    );
+    assert!(
         plan.contains("caddy run --resume --config /etc/caddy/caddy.json"),
         "missing caddy run --resume:\n{plan}"
     );
Diff in /Users/inou/dev/rust/nrgize-rs/tests/caddy_proxy.rs:81:
     assert!(
-        plan.contains("/config/apps/http/servers/srv0/routes")
-            || plan.contains("/id/app"),
+        plan.contains("/config/apps/http/servers/srv0/routes") || plan.contains("/id/app"),
         "missing caddy admin-API traffic switch:\n{plan}"
     );
     // cfg.domain threaded into the route (Caddy auto-HTTPS). The JSON is json_string-escaped, so
Diff in /Users/inou/dev/rust/nrgize-rs/tests/caddy_proxy.rs:266:
         plan.contains("/id/x%2F..%2Fsecret"),
         "proxy_remove must percent-encode the service name too:\n{plan}"
     );
-    assert!(!plan.contains("/id/x/../secret"), "must not leave an un-encoded path:\n{plan}");
+    assert!(
+        !plan.contains("/id/x/../secret"),
+        "must not leave an un-encoded path:\n{plan}"
+    );
 }
 
 #[test]
Diff in /Users/inou/dev/rust/nrgize-rs/tests/caddy_proxy.rs:281:
         plan.contains("/id/x%2F..%2Fsecret/match"),
         "proxy_set_tls must percent-encode the service name too:\n{plan}"
     );
-    assert!(!plan.contains("/id/x/../secret/match"), "must not leave an un-encoded path:\n{plan}");
+    assert!(
+        !plan.contains("/id/x/../secret/match"),
+        "must not leave an un-encoded path:\n{plan}"
+    );
 }
 
Diff in /Users/inou/dev/rust/nrgize-rs/tests/deploy_behaviors.rs:91:
     let line = plan
         .lines()
         .find(|l| l.contains("docker run --rm") && l.contains("bin/rails db:migrate"))
-        .unwrap_or_else(|| panic!("pre_deploy did not run in a throwaway new-image container:\n{plan}"));
+        .unwrap_or_else(|| {
+            panic!("pre_deploy did not run in a throwaway new-image container:\n{plan}")
+        });
     assert!(
         line.contains("'ghcr.io/org/app:v9'"),
         "release task must use the NEW image: {line}"
Diff in /Users/inou/dev/rust/nrgize-rs/tests/deploy_behaviors.rs:110:
         .lines()
         .filter(|l| l.contains("docker run --rm") && l.contains("db:migrate"))
         .count();
-    assert_eq!(count, 1, "release task must run exactly once for the fleet:\n{plan}");
+    assert_eq!(
+        count, 1,
+        "release task must run exactly once for the fleet:\n{plan}"
+    );
 }
 
 #[test]
Diff in /Users/inou/dev/rust/nrgize-rs/tests/deploy_behaviors.rs:170:
         "recipe must run the migration in a throwaway new-image container:\n{plan}"
     );
     // Registered secrets never appear in the plan (the persisted config is redacted).
-    assert!(!plan.contains("dbpassvalue123"), "DB password leaked into the plan:\n{plan}");
-    assert!(!plan.contains("keybasevalue123"), "secret key base leaked into the plan:\n{plan}");
+    assert!(
+        !plan.contains("dbpassvalue123"),
+        "DB password leaked into the plan:\n{plan}"
+    );
+    assert!(
+        !plan.contains("keybasevalue123"),
+        "secret key base leaked into the plan:\n{plan}"
+    );
 }
 
 #[test]
Diff in /Users/inou/dev/rust/nrgize-rs/tests/deploy_behaviors.rs:187:
     "#,
         "app.config",
     );
-    assert!(cfg.contains("\"container_port\":8000"), "config must carry the port: {cfg}");
-    assert!(cfg.contains("\"health_path\":\"/health/\""), "config must carry health_path: {cfg}");
+    assert!(
+        cfg.contains("\"container_port\":8000"),
+        "config must carry the port: {cfg}"
+    );
+    assert!(
+        cfg.contains("\"health_path\":\"/health/\""),
+        "config must carry health_path: {cfg}"
+    );
 }
 
 #[test]
Diff in /Users/inou/dev/rust/nrgize-rs/tests/deploy_behaviors.rs:247:
         .arg("Energize.rhai")
         .assert()
         .failure()
-        .stderr(predicates::str::contains("cannot be called from inside an active transaction"));
+        .stderr(predicates::str::contains(
+            "cannot be called from inside an active transaction",
+        ));
 }
 
 #[test]
Diff in /Users/inou/dev/rust/nrgize-rs/tests/deploy_behaviors.rs:490:
         .arg("Energize.rhai")
         .assert()
         .failure()
-        .stderr(predicates::str::contains("rollback() cannot be called from inside an active transaction"));
+        .stderr(predicates::str::contains(
+            "rollback() cannot be called from inside an active transaction",
+        ));
 
     let state = fs::read_to_string(dir.path().join(".energize/state.json")).unwrap();
     assert!(
Diff in /Users/inou/dev/rust/nrgize-rs/tests/deploy_behaviors.rs:573:
         .arg("Energize.rhai")
         .assert()
         .failure()
-        .stderr(predicates::str::contains("does not support domain-based routing"));
+        .stderr(predicates::str::contains(
+            "does not support domain-based routing",
+        ));
 
     let state = fs::read_to_string(dir.path().join(".energize/state.json")).unwrap();
     assert!(
Diff in /Users/inou/dev/rust/nrgize-rs/tests/deploy_behaviors.rs:616:
         perms.set_mode(0o755);
         fs::set_permissions(&ssh_bin, perms).unwrap();
     }
-    let path_env = format!("{}:{}", bin.path().display(), std::env::var("PATH").unwrap());
+    let path_env = format!(
+        "{}:{}",
+        bin.path().display(),
+        std::env::var("PATH").unwrap()
+    );
 
     Command::cargo_bin("nrg")
         .unwrap()
Diff in /Users/inou/dev/rust/nrgize-rs/tests/deploy_behaviors.rs:650:
         deploy::rollback(["web1"], "app", #{});
     "#,
     );
-    let mkdir_count =
-        plan.lines().filter(|l| l.contains("mkdir") && l.contains("nrg-deploy-lock-app")).count();
-    let rm_count =
-        plan.lines().filter(|l| l.contains("rm -rf") && l.contains("nrg-deploy-lock-app")).count();
-    assert_eq!(mkdir_count, 1, "expected exactly one lock acquire (not one per level): {plan}");
-    assert_eq!(rm_count, 1, "expected exactly one lock release (not one per level): {plan}");
+    let mkdir_count = plan
+        .lines()
+        .filter(|l| l.contains("mkdir") && l.contains("nrg-deploy-lock-app"))
+        .count();
+    let rm_count = plan
+        .lines()
+        .filter(|l| l.contains("rm -rf") && l.contains("nrg-deploy-lock-app"))
+        .count();
+    assert_eq!(
+        mkdir_count, 1,
+        "expected exactly one lock acquire (not one per level): {plan}"
+    );
+    assert_eq!(
+        rm_count, 1,
+        "expected exactly one lock release (not one per level): {plan}"
+    );
 }
 
 #[test]
Diff in /Users/inou/dev/rust/nrgize-rs/tests/deploy_behaviors.rs:695:
         perms.set_mode(0o755);
         fs::set_permissions(&ssh_bin, perms).unwrap();
     }
-    let path_env = format!("{}:{}", bin.path().display(), std::env::var("PATH").unwrap());
+    let path_env = format!(
+        "{}:{}",
+        bin.path().display(),
+        std::env::var("PATH").unwrap()
+    );
 
     Command::cargo_bin("nrg")
         .unwrap()
Diff in /Users/inou/dev/rust/nrgize-rs/tests/deploy_behaviors.rs:709:
 
     let invoked = fs::read_to_string(&log).unwrap();
     assert!(
-        invoked.lines().any(|l| l.contains("mkdir") && l.contains("nrg-deploy-lock-app")),
+        invoked
+            .lines()
+            .any(|l| l.contains("mkdir") && l.contains("nrg-deploy-lock-app")),
         "the lock must have been acquired before the pull failure: {invoked}"
     );
     assert!(
Diff in /Users/inou/dev/rust/nrgize-rs/tests/deploy_behaviors.rs:716:
-        invoked.lines().any(|l| l.contains("rm -rf") && l.contains("nrg-deploy-lock-app")),
+        invoked
+            .lines()
+            .any(|l| l.contains("rm -rf") && l.contains("nrg-deploy-lock-app")),
         "the lock must still be released after a LATER deploy() step fails: {invoked}"
     );
 }
Diff in /Users/inou/dev/rust/nrgize-rs/tests/deploy_behaviors.rs:1007:
         .arg("Energize.rhai")
         .assert()
         .failure()
-        .stderr(predicates::str::contains("missing required cfg key 'service'"))
+        .stderr(predicates::str::contains(
+            "missing required cfg key 'service'",
+        ))
         .stderr(predicates::str::contains("robustness review R23"));
 }
 
Diff in /Users/inou/dev/rust/nrgize-rs/tests/deploy_behaviors.rs:1126:
         .find(|l| l.contains("docker run") && l.contains("app-db"))
         .unwrap_or_else(|| panic!("no docker run line for the accessory found:\n{plan}"));
     assert!(
-        accessory_line.contains("--network 'appnet'") || accessory_line.contains("--network appnet"),
+        accessory_line.contains("--network 'appnet'")
+            || accessory_line.contains("--network appnet"),
         "accessory container must join cfg.network: {accessory_line}"
     );
     let app_line = plan
Diff in /Users/inou/dev/rust/nrgize-rs/tests/deploy_behaviors.rs:1183:
         "app.config",
     );
     assert!(cfg.contains("\"app-data\":\"/data\""), "got: {cfg}");
-    assert!(cfg.contains("\"pre_deploy_cmd\":\"echo before\""), "got: {cfg}");
-    assert!(cfg.contains("\"post_deploy_cmd\":\"echo after\""), "got: {cfg}");
+    assert!(
+        cfg.contains("\"pre_deploy_cmd\":\"echo before\""),
+        "got: {cfg}"
+    );
+    assert!(
+        cfg.contains("\"post_deploy_cmd\":\"echo after\""),
+        "got: {cfg}"
+    );
 }
 
 #[test]
Diff in /Users/inou/dev/rust/nrgize-rs/tests/deploy_behaviors.rs:1207:
         .lines()
         .find(|l| l.contains("buildx build") || l.contains("docker build"))
         .unwrap_or_else(|| panic!("no docker/buildx build line found:\n{plan}"));
-    assert!(build_line.contains("--platform 'linux/arm64'"), "got: {build_line}");
-    assert!(build_line.contains("-f 'Dockerfile.prod'"), "got: {build_line}");
-    assert!(build_line.contains("--build-arg 'FOO=bar'"), "got: {build_line}");
+    assert!(
+        build_line.contains("--platform 'linux/arm64'"),
+        "got: {build_line}"
+    );
+    assert!(
+        build_line.contains("-f 'Dockerfile.prod'"),
+        "got: {build_line}"
+    );
+    assert!(
+        build_line.contains("--build-arg 'FOO=bar'"),
+        "got: {build_line}"
+    );
     assert!(build_line.contains("'backend'"), "got: {build_line}");
 
     // skip_build/skip_push: no Build/Push section at all when both are set.
Diff in /Users/inou/dev/rust/nrgize-rs/tests/deploy_behaviors.rs:1223:
     "#,
     );
     assert!(
-        !plan2.lines().any(|l| l.contains("buildx build") || l.contains("docker build")),
+        !plan2
+            .lines()
+            .any(|l| l.contains("buildx build") || l.contains("docker build")),
         "skip_build: true must suppress the build step entirely:\n{plan2}"
     );
     assert!(
Diff in /Users/inou/dev/rust/nrgize-rs/tests/deploy_behaviors.rs:1363:
         .arg("Energize.rhai")
         .assert()
         .failure()
-        .stderr(predicates::str::contains("does not support domain-based routing"))
+        .stderr(predicates::str::contains(
+            "does not support domain-based routing",
+        ))
         // Fable's final review: without this assertion, the test can't tell whether the
         // fail-fast check at the TOP of deploy() actually fired, or whether it silently
         // regressed back to only being caught much later by px_deploy's defense-in-depth copy
Diff in /Users/inou/dev/rust/nrgize-rs/tests/deploy_behaviors.rs:1430:
         .arg("Energize.rhai")
         .assert()
         .failure()
-        .stderr(predicates::str::contains("wait_port: cfg.attempts must be >= 1"))
+        .stderr(predicates::str::contains(
+            "wait_port: cfg.attempts must be >= 1",
+        ))
         .stderr(predicates::str::contains("robustness review R26"));
 
     let dir2 = tempfile::tempdir().unwrap();
Diff in /Users/inou/dev/rust/nrgize-rs/tests/deploy_behaviors.rs:1451:
         .arg("Energize.rhai")
         .assert()
         .failure()
-        .stderr(predicates::str::contains("wait_container_healthy: cfg.attempts must be >= 1"))
+        .stderr(predicates::str::contains(
+            "wait_container_healthy: cfg.attempts must be >= 1",
+        ))
         .stderr(predicates::str::contains("robustness review R26"));
 }
 
Diff in /Users/inou/dev/rust/nrgize-rs/tests/deploy_behaviors.rs:1529:
         .arg("Energize.rhai")
         .assert()
         .failure()
-        .stderr(predicates::str::contains("wait_healthy_on_host: cfg.attempts must be >= 1"));
+        .stderr(predicates::str::contains(
+            "wait_healthy_on_host: cfg.attempts must be >= 1",
+        ));
 }
 
 #[test]
Diff in /Users/inou/dev/rust/nrgize-rs/tests/deploy_behaviors.rs:1552:
         .arg("Energize.rhai")
         .assert()
         .failure()
-        .stderr(predicates::str::contains("wait_healthy_on_host: cfg.consecutive must be >= 1"));
+        .stderr(predicates::str::contains(
+            "wait_healthy_on_host: cfg.consecutive must be >= 1",
+        ));
 }
 
 #[test]
Diff in /Users/inou/dev/rust/nrgize-rs/tests/deploy_behaviors.rs:1575:
         .arg("Energize.rhai")
         .assert()
         .failure()
-        .stderr(predicates::str::contains("wait_healthy_on_host: cfg.timeout must be >= 1"));
+        .stderr(predicates::str::contains(
+            "wait_healthy_on_host: cfg.timeout must be >= 1",
+        ));
 }
 
 #[test]
Diff in /Users/inou/dev/rust/nrgize-rs/tests/destinations.rs:23:
 fn without_dest_state_is_unnamespaced_exactly_as_before() {
     let dir = tempfile::tempdir().unwrap();
     project(dir.path(), r#"state_set("app.version", "v1");"#);
-    Command::cargo_bin("nrg").unwrap().current_dir(dir.path()).arg("exec").assert().success();
+    Command::cargo_bin("nrg")
+        .unwrap()
+        .current_dir(dir.path())
+        .arg("exec")
+        .assert()
+        .success();
 
     let raw = fs::read_to_string(dir.path().join(".energize/state.json")).unwrap();
     assert!(raw.contains("\"app.version\": \"v1\""), "got: {raw}");
Diff in /Users/inou/dev/rust/nrgize-rs/tests/destinations.rs:30:
-    assert!(!raw.contains('/'), "no dest was given, so no key should ever be namespaced: {raw}");
+    assert!(
+        !raw.contains('/'),
+        "no dest was given, so no key should ever be namespaced: {raw}"
+    );
 }
 
 #[test]
Diff in /Users/inou/dev/rust/nrgize-rs/tests/destinations.rs:34:
 fn dest_namespaces_state_so_two_destinations_never_share_a_version() {
     let dir = tempfile::tempdir().unwrap();
-    project(dir.path(), r#"state_set("app.version", "should-not-run-twice");"#);
+    project(
+        dir.path(),
+        r#"state_set("app.version", "should-not-run-twice");"#,
+    );
 
     Command::cargo_bin("nrg")
         .unwrap()
Diff in /Users/inou/dev/rust/nrgize-rs/tests/destinations.rs:48:
         .assert()
         .success();
     // A plain (no --dest) run must see NEITHER destination's key.
-    Command::cargo_bin("nrg").unwrap().current_dir(dir.path()).arg("exec").assert().success();
+    Command::cargo_bin("nrg")
+        .unwrap()
+        .current_dir(dir.path())
+        .arg("exec")
+        .assert()
+        .success();
 
     let raw = fs::read_to_string(dir.path().join(".energize/state.json")).unwrap();
     assert!(raw.contains("\"staging/app.version\""), "got: {raw}");
Diff in /Users/inou/dev/rust/nrgize-rs/tests/destinations.rs:55:
     assert!(raw.contains("\"production/app.version\""), "got: {raw}");
-    assert!(raw.contains("\"app.version\": \"should-not-run-twice\""), "got: {raw}");
+    assert!(
+        raw.contains("\"app.version\": \"should-not-run-twice\""),
+        "got: {raw}"
+    );
 }
 
 #[test]
Diff in /Users/inou/dev/rust/nrgize-rs/tests/destinations.rs:153:
     // printing it directly.
     let dir = tempfile::tempdir().unwrap();
     fs::create_dir_all(dir.path().join(".energize")).unwrap();
-    fs::write(dir.path().join(".energize/secrets"), "DB_URL=shared-value\n").unwrap();
-    fs::write(dir.path().join(".energize/secrets.staging"), "DB_URL=staging-value\n").unwrap();
+    fs::write(
+        dir.path().join(".energize/secrets"),
+        "DB_URL=shared-value\n",
+    )
+    .unwrap();
+    fs::write(
+        dir.path().join(".energize/secrets.staging"),
+        "DB_URL=staging-value\n",
+    )
+    .unwrap();
     let outfile = dir.path().join("captured.txt");
     fs::write(
         dir.path().join("Energize.rhai"),
Diff in /Users/inou/dev/rust/nrgize-rs/tests/destinations.rs:174:
     assert_eq!(fs::read_to_string(&outfile).unwrap(), "staging-value");
 
     // No --dest: falls back to the shared file, exactly as before this feature existed.
-    Command::cargo_bin("nrg").unwrap().current_dir(dir.path()).arg("exec").assert().success();
+    Command::cargo_bin("nrg")
+        .unwrap()
+        .current_dir(dir.path())
+        .arg("exec")
+        .assert()
+        .success();
     assert_eq!(fs::read_to_string(&outfile).unwrap(), "shared-value");
 }
 
Diff in /Users/inou/dev/rust/nrgize-rs/tests/destinations.rs:186:
     // absent from .energize/secrets.staging entirely, not merely overridden.
     let dir = tempfile::tempdir().unwrap();
     fs::create_dir_all(dir.path().join(".energize")).unwrap();
-    fs::write(dir.path().join(".energize/secrets"), "SHARED_KEY=shared-only-value\n").unwrap();
-    fs::write(dir.path().join(".energize/secrets.staging"), "DB_URL=staging-value\n").unwrap();
+    fs::write(
+        dir.path().join(".energize/secrets"),
+        "SHARED_KEY=shared-only-value\n",
+    )
+    .unwrap();
+    fs::write(
+        dir.path().join(".energize/secrets.staging"),
+        "DB_URL=staging-value\n",
+    )
+    .unwrap();
     let outfile = dir.path().join("captured.txt");
     fs::write(
         dir.path().join("Energize.rhai"),
Diff in /Users/inou/dev/rust/nrgize-rs/tests/destinations.rs:225:
         .success();
 
     let raw = fs::read_to_string(dir.path().join(".energize/state.json")).unwrap();
-    assert!(raw.contains("\"staging/app.version\": \"v-from-run\""), "got: {raw}");
+    assert!(
+        raw.contains("\"staging/app.version\": \"v-from-run\""),
+        "got: {raw}"
+    );
 }
 
 #[test]
Diff in /Users/inou/dev/rust/nrgize-rs/tests/destinations.rs:283:
         .args(["exec", "--dest", "staging"])
         .assert()
         .success();
-    Command::cargo_bin("nrg").unwrap().current_dir(dir.path()).arg("exec").assert().success();
+    Command::cargo_bin("nrg")
+        .unwrap()
+        .current_dir(dir.path())
+        .arg("exec")
+        .assert()
+        .success();
 
     Command::cargo_bin("nrg")
         .unwrap()
Diff in /Users/inou/dev/rust/nrgize-rs/tests/doctor.rs:29:
     fs::create_dir_all(dir.path().join(".energize")).unwrap();
     fs::write(dir.path().join("Energize.rhai"), "fn deploy() {}").unwrap();
 
-    let out = Command::cargo_bin("nrg").unwrap().current_dir(dir.path()).arg("doctor").output().unwrap();
+    let out = Command::cargo_bin("nrg")
+        .unwrap()
+        .current_dir(dir.path())
+        .arg("doctor")
+        .output()
+        .unwrap();
     let stdout = String::from_utf8_lossy(&out.stdout);
     assert!(
         !stdout.contains("Hosts:"),
Diff in /Users/inou/dev/rust/nrgize-rs/tests/doctor.rs:76:
     for tool in ["age", "ssh", "rsync", "docker"] {
         stub_bin(bin.path(), tool);
     }
-    let path = format!("{}:{}", bin.path().display(), std::env::var("PATH").unwrap());
+    let path = format!(
+        "{}:{}",
+        bin.path().display(),
+        std::env::var("PATH").unwrap()
+    );
 
     Command::cargo_bin("nrg")
         .unwrap()
Diff in /Users/inou/dev/rust/nrgize-rs/tests/doctor.rs:104:
     for tool in ["age", "ssh", "rsync", "docker"] {
         stub_bin(bin.path(), tool);
     }
-    let path = format!("{}:{}", bin.path().display(), std::env::var("PATH").unwrap());
+    let path = format!(
+        "{}:{}",
+        bin.path().display(),
+        std::env::var("PATH").unwrap()
+    );
 
     Command::cargo_bin("nrg")
         .unwrap()
Diff in /Users/inou/dev/rust/nrgize-rs/tests/doctor.rs:131:
     for tool in ["age", "ssh", "rsync", "docker"] {
         stub_bin(bin.path(), tool);
     }
-    let path = format!("{}:{}", bin.path().display(), std::env::var("PATH").unwrap());
+    let path = format!(
+        "{}:{}",
+        bin.path().display(),
+        std::env::var("PATH").unwrap()
+    );
 
     Command::cargo_bin("nrg")
         .unwrap()
Diff in /Users/inou/dev/rust/nrgize-rs/tests/doctor.rs:183:
     for tool in ["age", "rsync"] {
         stub_bin(bin.path(), tool);
     }
-    let path = format!("{}:{}", bin.path().display(), std::env::var("PATH").unwrap());
+    let path = format!(
+        "{}:{}",
+        bin.path().display(),
+        std::env::var("PATH").unwrap()
+    );
 
     Command::cargo_bin("nrg")
         .unwrap()
Diff in /Users/inou/dev/rust/nrgize-rs/tests/doctor.rs:192:
         .arg("doctor")
         .assert()
         .success()
-        .stdout(predicates::str::contains("registry auth OK for ghcr.io/org/app:v1"));
+        .stdout(predicates::str::contains(
+            "registry auth OK for ghcr.io/org/app:v1",
+        ));
 }
 
 #[test]
Diff in /Users/inou/dev/rust/nrgize-rs/tests/doctor.rs:211:
     for tool in ["age", "rsync"] {
         stub_bin(bin.path(), tool);
     }
-    let path = format!("{}:{}", bin.path().display(), std::env::var("PATH").unwrap());
+    let path = format!(
+        "{}:{}",
+        bin.path().display(),
+        std::env::var("PATH").unwrap()
+    );
 
     Command::cargo_bin("nrg")
         .unwrap()
Diff in /Users/inou/dev/rust/nrgize-rs/tests/doctor.rs:220:
         .arg("doctor")
         .assert()
         .failure()
-        .stdout(predicates::str::contains("registry auth failed for ghcr.io/org/app:v1"))
+        .stdout(predicates::str::contains(
+            "registry auth failed for ghcr.io/org/app:v1",
+        ))
         .stdout(predicates::str::contains("unauthorized"));
 }
 
Diff in /Users/inou/dev/rust/nrgize-rs/tests/embedded_stdlib.rs:61:
         .success()
         .stdout(predicates::str::contains("wrote"));
 
-    for name in ["runtime", "docker", "proxy", "caddy", "healthcheck", "registry", "deploy", "recipe"] {
+    for name in [
+        "runtime",
+        "docker",
+        "proxy",
+        "caddy",
+        "healthcheck",
+        "registry",
+        "deploy",
+        "recipe",
+    ] {
         let path = dir.path().join("lib").join(format!("{name}.rhai"));
         assert!(path.exists(), "expected {path:?} to have been written");
-        let repo_original =
-            fs::read_to_string(Path::new(env!("CARGO_MANIFEST_DIR")).join("lib").join(format!("{name}.rhai")))
-                .unwrap();
+        let repo_original = fs::read_to_string(
+            Path::new(env!("CARGO_MANIFEST_DIR"))
+                .join("lib")
+                .join(format!("{name}.rhai")),
+        )
+        .unwrap();
         assert_eq!(
             fs::read_to_string(&path).unwrap(),
             repo_original,
Diff in /Users/inou/dev/rust/nrgize-rs/tests/embedded_stdlib.rs:101:
     let subdir = dir.path().join("sub");
     fs::create_dir_all(&subdir).unwrap();
 
-    Command::cargo_bin("nrg").unwrap().current_dir(&subdir).arg("vendor").assert().success();
+    Command::cargo_bin("nrg")
+        .unwrap()
+        .current_dir(&subdir)
+        .arg("vendor")
+        .assert()
+        .success();
 
     assert!(
         dir.path().join("lib/deploy.rhai").exists(),
Diff in /Users/inou/dev/rust/nrgize-rs/tests/embedded_stdlib.rs:108:
         "expected lib/ to be vendored at the project root, not under the subdirectory it was invoked from"
     );
-    assert!(!subdir.join("lib").exists(), "must not vendor into the subdirectory's own lib/");
+    assert!(
+        !subdir.join("lib").exists(),
+        "must not vendor into the subdirectory's own lib/"
+    );
 }
 
 #[test]
Diff in /Users/inou/dev/rust/nrgize-rs/tests/embedded_stdlib.rs:114:
 fn nrg_vendor_refuses_to_overwrite_a_customized_file_without_force() {
     let dir = tempfile::tempdir().unwrap();
     fs::create_dir_all(dir.path().join(".energize")).unwrap();
-    Command::cargo_bin("nrg").unwrap().current_dir(dir.path()).arg("vendor").assert().success();
+    Command::cargo_bin("nrg")
+        .unwrap()
+        .current_dir(dir.path())
+        .arg("vendor")
+        .assert()
+        .success();
 
-    fs::write(dir.path().join("lib/runtime.rhai"), "// customized by hand\n").unwrap();
+    fs::write(
+        dir.path().join("lib/runtime.rhai"),
+        "// customized by hand\n",
+    )
+    .unwrap();
 
     Command::cargo_bin("nrg")
         .unwrap()
Diff in /Users/inou/dev/rust/nrgize-rs/tests/embedded_stdlib.rs:155:
         state_set("app.target.web1", "localhost:13000");
         "#,
     );
-    Command::cargo_bin("nrg").unwrap().current_dir(dir.path()).arg("exec").assert().success();
+    Command::cargo_bin("nrg")
+        .unwrap()
+        .current_dir(dir.path())
+        .arg("exec")
+        .assert()
+        .success();
     assert!(!dir.path().join("lib").exists());
 
     Command::cargo_bin("nrg")
Diff in /Users/inou/dev/rust/nrgize-rs/tests/embedded_stdlib.rs:181:
         state_set("app.target.web1", "localhost:13000");
         "#,
     );
-    Command::cargo_bin("nrg").unwrap().current_dir(dir.path()).arg("exec").assert().success();
+    Command::cargo_bin("nrg")
+        .unwrap()
+        .current_dir(dir.path())
+        .arg("exec")
+        .assert()
+        .success();
 
     fs::create_dir_all(dir.path().join("lib")).unwrap();
     let repo_lib = Path::new(env!("CARGO_MANIFEST_DIR")).join("lib");
Diff in /Users/inou/dev/rust/nrgize-rs/tests/embedded_stdlib.rs:188:
-    fs::copy(repo_lib.join("deploy.rhai"), dir.path().join("lib/deploy.rhai")).unwrap();
+    fs::copy(
+        repo_lib.join("deploy.rhai"),
+        dir.path().join("lib/deploy.rhai"),
+    )
+    .unwrap();
     // Deliberately do NOT copy lib/docker.rhai or deploy.rhai's other dependencies.
 
     Command::cargo_bin("nrg")
Diff in /Users/inou/dev/rust/nrgize-rs/tests/embedded_stdlib.rs:194:
         .args(["rollback", "app", "--dry-run"])
         .assert()
         .success()
-        .stderr(predicates::str::contains("falling back to the embedded stdlib"))
+        .stderr(predicates::str::contains(
+            "falling back to the embedded stdlib",
+        ))
         .stdout(predicates::str::contains("pull 'ghcr.io/org/app:v1'"));
 }
 
Diff in /Users/inou/dev/rust/nrgize-rs/tests/init.rs:19:
         .stdout(predicates::str::contains("Created Energize.rhai"));
 
     let contents = fs::read_to_string(dir.path().join("Energize.rhai")).unwrap();
-    assert!(contents.contains("fn deploy()"), "template must define a starter deploy() fn:\n{contents}");
-    assert!(contents.contains("fn uptime()"), "template must define a starter uptime() fn:\n{contents}");
+    assert!(
+        contents.contains("fn deploy()"),
+        "template must define a starter deploy() fn:\n{contents}"
+    );
+    assert!(
+        contents.contains("fn uptime()"),
+        "template must define a starter uptime() fn:\n{contents}"
+    );
 }
 
 #[test]
Diff in /Users/inou/dev/rust/nrgize-rs/tests/init.rs:40:
     // The refusal must be real, not just a printed warning — the existing file must survive
     // completely unchanged, not get clobbered by the starter template.
     let contents = fs::read_to_string(dir.path().join("Energize.rhai")).unwrap();
-    assert_eq!(contents, original, "an existing Energize.rhai must not be overwritten by init");
+    assert_eq!(
+        contents, original,
+        "an existing Energize.rhai must not be overwritten by init"
+    );
 }
 
 #[test]
Diff in /Users/inou/dev/rust/nrgize-rs/tests/init.rs:63:
             .stdout(predicates::str::contains("Created Energize.rhai"));
 
         let contents = fs::read_to_string(dir.path().join("Energize.rhai")).unwrap();
-        assert!(contents.contains(needle), "{template} starter missing its own marker:\n{contents}");
         assert!(
+            contents.contains(needle),
+            "{template} starter missing its own marker:\n{contents}"
+        );
+        assert!(
             contents.contains("import \"std/recipe\" as recipe;"),
             "{template} starter must import the embedded stdlib, needing zero vendoring:\n{contents}"
         );
Diff in /Users/inou/dev/rust/nrgize-rs/tests/init.rs:92:
         .assert()
         .success();
 
-    assert!(!dir.path().join("lib").exists(), "must run with zero vendoring — no lib/ should exist");
+    assert!(
+        !dir.path().join("lib").exists(),
+        "must run with zero vendoring — no lib/ should exist"
+    );
 
     let out = Command::cargo_bin("nrg")
         .unwrap()
Diff in /Users/inou/dev/rust/nrgize-rs/tests/init.rs:149:
         .stderr(predicates::str::contains("already exists"));
 
     let contents = fs::read_to_string(dir.path().join("Energize.rhai")).unwrap();
-    assert_eq!(contents, original, "an existing Energize.rhai must not be overwritten by init --template");
+    assert_eq!(
+        contents, original,
+        "an existing Energize.rhai must not be overwritten by init --template"
+    );
 }
 
Diff in /Users/inou/dev/rust/nrgize-rs/tests/install_script.rs:28:
 fn resolves_every_supported_os_arch_combination_to_the_right_target_triple() {
     assert_eq!(resolved_target("Darwin", "arm64"), "aarch64-apple-darwin");
     assert_eq!(resolved_target("Darwin", "x86_64"), "x86_64-apple-darwin");
-    assert_eq!(resolved_target("Linux", "aarch64"), "aarch64-unknown-linux-gnu");
-    assert_eq!(resolved_target("Linux", "arm64"), "aarch64-unknown-linux-gnu");
-    assert_eq!(resolved_target("Linux", "x86_64"), "x86_64-unknown-linux-gnu");
-    assert_eq!(resolved_target("Linux", "amd64"), "x86_64-unknown-linux-gnu");
+    assert_eq!(
+        resolved_target("Linux", "aarch64"),
+        "aarch64-unknown-linux-gnu"
+    );
+    assert_eq!(
+        resolved_target("Linux", "arm64"),
+        "aarch64-unknown-linux-gnu"
+    );
+    assert_eq!(
+        resolved_target("Linux", "x86_64"),
+        "x86_64-unknown-linux-gnu"
+    );
+    assert_eq!(
+        resolved_target("Linux", "amd64"),
+        "x86_64-unknown-linux-gnu"
+    );
 }
 
 #[test]
Diff in /Users/inou/dev/rust/nrgize-rs/tests/install_script.rs:151:
     #[cfg(unix)]
     {
         use std::os::unix::fs::PermissionsExt;
-        std::fs::set_permissions(serve_dir.join("nrg"), std::fs::Permissions::from_mode(0o755)).unwrap();
+        std::fs::set_permissions(
+            serve_dir.join("nrg"),
+            std::fs::Permissions::from_mode(0o755),
+        )
+        .unwrap();
     }
 
     let archive_name = "nrg-x86_64-unknown-linux-gnu.tar.gz";
Diff in /Users/inou/dev/rust/nrgize-rs/tests/install_script.rs:164:
 
     let checksum_status = std::process::Command::new("sh")
         .arg("-c")
-        .arg(format!("shasum -a 256 {archive_name} > {archive_name}.sha256"))
+        .arg(format!(
+            "shasum -a 256 {archive_name} > {archive_name}.sha256"
+        ))
         .current_dir(&serve_dir)
         .status()
         .unwrap();
Diff in /Users/inou/dev/rust/nrgize-rs/tests/install_script.rs:215:
         // First install: the real, untampered archive must install successfully.
         run_install().success();
         let installed = std::fs::read_to_string(bin_dir.join("nrg")).unwrap();
-        assert_eq!(installed, fake_binary, "installed binary must match the served one exactly");
+        assert_eq!(
+            installed, fake_binary,
+            "installed binary must match the served one exactly"
+        );
 
         // Tamper with the served archive so its bytes no longer match the checksum file.
         let archive_path = serve_dir.join(archive_name);
Diff in /Users/inou/dev/rust/nrgize-rs/tests/install_script.rs:227:
         run_install()
             .failure()
             .stderr(predicates::str::contains("checksum verification failed"));
-        assert!(!bin_dir.join("nrg").exists(), "a tampered archive must never be installed");
+        assert!(
+            !bin_dir.join("nrg").exists(),
+            "a tampered archive must never be installed"
+        );
     }));
 
     let _ = server.kill();
Diff in /Users/inou/dev/rust/nrgize-rs/tests/interrupt.rs:51:
     loop {
         line.clear();
         let n = stderr.read_line(&mut line).unwrap();
-        assert!(n > 0, "child exited before printing READY (stderr closed early)");
+        assert!(
+            n > 0,
+            "child exited before printing READY (stderr closed early)"
+        );
         if line.contains("READY") {
             break;
         }
Diff in /Users/inou/dev/rust/nrgize-rs/tests/interrupt.rs:58:
-        assert!(Instant::now() < ready_deadline, "child never printed READY within 10s");
+        assert!(
+            Instant::now() < ready_deadline,
+            "child never printed READY within 10s"
+        );
     }
 
     let pid = child.id().to_string();
Diff in /Users/inou/dev/rust/nrgize-rs/tests/interrupt.rs:62:
     let sent = Command::new("kill").args(["-INT", &pid]).status().unwrap();
-    assert!(sent.success(), "failed to send SIGINT to the child (pid {pid})");
+    assert!(
+        sent.success(),
+        "failed to send SIGINT to the child (pid {pid})"
+    );
 
     let deadline = Instant::now() + Duration::from_secs(10);
     let status = loop {
Diff in /Users/inou/dev/rust/nrgize-rs/tests/interrupt.rs:74:
         std::thread::sleep(Duration::from_millis(50));
     };
 
-    assert!(!status.success(), "an interrupted run must exit non-zero, got {status:?}");
+    assert!(
+        !status.success(),
+        "an interrupted run must exit non-zero, got {status:?}"
+    );
     assert!(
         marker.exists(),
         "the on_rollback compensation must have run (marker file missing) — SIGINT killed the \
Diff in /Users/inou/dev/rust/nrgize-rs/tests/lifecycle_hooks.rs:48:
         .unwrap();
     // Rhai's print() goes to stderr (engine::mod.rs's on_print), while the formatted dry-run
     // PLAN goes to stdout — concatenate both so a single string can assert on either.
-    let combined = String::from_utf8_lossy(&out.stdout).into_owned()
-        + &String::from_utf8_lossy(&out.stderr);
+    let combined =
+        String::from_utf8_lossy(&out.stdout).into_owned() + &String::from_utf8_lossy(&out.stderr);
     (out.status.success(), combined)
 }
 
Diff in /Users/inou/dev/rust/nrgize-rs/tests/lifecycle_hooks.rs:99:
         {BASE_DEPLOY}
     "#
     ));
-    assert!(!ok, "a throwing hook_pre_deploy must abort the deploy:\n{out}");
     assert!(
+        !ok,
+        "a throwing hook_pre_deploy must abort the deploy:\n{out}"
+    );
+    assert!(
         !out.contains("pull 'ghcr.io/org/app:v9'"),
         "no deploy work should have happened once hook_pre_deploy blocked it:\n{out}"
     );
Diff in /Users/inou/dev/rust/nrgize-rs/tests/lifecycle_hooks.rs:175:
 #[test]
 fn no_hooks_defined_is_the_default_and_changes_nothing() {
     let (ok, out) = run(&format!("import \"lib/deploy\" as deploy;\n{BASE_DEPLOY}"));
-    assert!(ok, "deploy with no hooks defined must behave exactly as before this feature:\n{out}");
-    assert!(!out.contains("HOOK"), "no hook output should appear when none are defined:\n{out}");
+    assert!(
+        ok,
+        "deploy with no hooks defined must behave exactly as before this feature:\n{out}"
+    );
+    assert!(
+        !out.contains("HOOK"),
+        "no hook output should appear when none are defined:\n{out}"
+    );
 }
 
 #[test]
Diff in /Users/inou/dev/rust/nrgize-rs/tests/lifecycle_hooks.rs:185:
     // rollback() calls deploy() internally, so hook_post_deploy fires too (a rollback IS a
     // deploy of a different image) — hook_post_rollback fires ADDITIONALLY, letting a caller's
     // hooks distinguish "routine deploy" from "this was specifically a rollback".
-    let (ok, out) = run(
-        r#"
+    let (ok, out) = run(r#"
         import "lib/deploy" as deploy;
         fn hook_post_deploy(service, image, hosts) {
             print("HOOK POST DEPLOY " + service + " " + image);
Diff in /Users/inou/dev/rust/nrgize-rs/tests/lifecycle_hooks.rs:197:
         state_set("app.image", "ghcr.io/org/app:v2");
         state_set("app.prev", "ghcr.io/org/app:v1");
         deploy::rollback(["web1"], "app");
-    "#,
-    );
+    "#);
     assert!(ok, "rollback should succeed:\n{out}");
     assert!(
         out.contains("HOOK POST DEPLOY app ghcr.io/org/app:v1"),
Diff in /Users/inou/dev/rust/nrgize-rs/tests/lifecycle_hooks.rs:212:
 
 #[test]
 fn hook_post_rollback_throwing_does_not_fail_an_already_successful_rollback() {
-    let (ok, out) = run(
-        r#"
+    let (ok, out) = run(r#"
         import "lib/deploy" as deploy;
         fn hook_post_rollback(service, image, hosts) {
             throw "pager is down";
Diff in /Users/inou/dev/rust/nrgize-rs/tests/lifecycle_hooks.rs:221:
         state_set("app.image", "ghcr.io/org/app:v2");
         state_set("app.prev", "ghcr.io/org/app:v1");
         deploy::rollback(["web1"], "app");
-    "#,
+    "#);
+    assert!(
+        ok,
+        "a throwing hook_post_rollback must not fail an already-successful rollback:\n{out}"
     );
-    assert!(ok, "a throwing hook_post_rollback must not fail an already-successful rollback:\n{out}");
     assert!(
         out.contains("hook_post_rollback threw") && out.contains("pager is down"),
         "the failure must still be reported loudly:\n{out}"
Diff in /Users/inou/dev/rust/nrgize-rs/tests/lifecycle_hooks.rs:236:
 
 #[test]
 fn notify_webhook_posts_the_payload_verbatim() {
-    let (ok, out) = run(
-        r#"
+    let (ok, out) = run(r#"
         import "lib/notify" as notify;
         notify::webhook("https://example.com/hook", "{\"raw\":true}");
-    "#,
-    );
+    "#);
     assert!(ok, "{out}");
     assert!(
         out.contains("[assumed ok] POST https://example.com/hook"),
Diff in /Users/inou/dev/rust/nrgize-rs/tests/lifecycle_hooks.rs:262:
     std::thread::spawn(move || {
         use std::io::{Read, Write};
         if let Ok((mut stream, _)) = listener.accept() {
-            stream.set_read_timeout(Some(std::time::Duration::from_millis(500))).unwrap();
+            stream
+                .set_read_timeout(Some(std::time::Duration::from_millis(500)))
+                .unwrap();
             let mut received = Vec::new();
             let mut buf = [0u8; 1024];
             loop {
Diff in /Users/inou/dev/rust/nrgize-rs/tests/lifecycle_hooks.rs:273:
                 }
             }
             let _ = tx.send(String::from_utf8_lossy(&received).into_owned());
-            let _ = stream.write_all(
-                b"HTTP/1.1 200 OK\r\nContent-Length: 2\r\nConnection: close\r\n\r\nok",
-            );
+            let _ = stream
+                .write_all(b"HTTP/1.1 200 OK\r\nContent-Length: 2\r\nConnection: close\r\n\r\nok");
         }
     });
 
Diff in /Users/inou/dev/rust/nrgize-rs/tests/lifecycle_hooks.rs:302:
         .assert()
         .success();
 
-    let received = rx.recv_timeout(std::time::Duration::from_secs(5)).expect("server never received a request");
+    let received = rx
+        .recv_timeout(std::time::Duration::from_secs(5))
+        .expect("server never received a request");
     assert!(
         received.contains("{\"text\":\"app \\\"v9\\\" is live\"}"),
         "the JSON payload must be exactly {{\"text\": ...}} with the message quote-escaped:\n{received}"
Diff in /Users/inou/dev/rust/nrgize-rs/tests/lifecycle_hooks.rs:309:
     );
     assert!(
-        received.to_lowercase().contains("content-type: application/json"),
+        received
+            .to_lowercase()
+            .contains("content-type: application/json"),
         "http_post must send the JSON content type:\n{received}"
     );
 }
Diff in /Users/inou/dev/rust/nrgize-rs/tests/lifecycle_hooks.rs:327:
     std::thread::spawn(move || {
         use std::io::{Read, Write};
         if let Ok((mut stream, _)) = listener.accept() {
-            stream.set_read_timeout(Some(std::time::Duration::from_millis(500))).unwrap();
+            stream
+                .set_read_timeout(Some(std::time::Duration::from_millis(500)))
+                .unwrap();
             let mut received = Vec::new();
             let mut buf = [0u8; 1024];
             loop {
Diff in /Users/inou/dev/rust/nrgize-rs/tests/lifecycle_hooks.rs:338:
                 }
             }
             let _ = tx.send(String::from_utf8_lossy(&received).into_owned());
-            let _ = stream.write_all(
-                b"HTTP/1.1 200 OK\r\nContent-Length: 2\r\nConnection: close\r\n\r\nok",
-            );
+            let _ = stream
+                .write_all(b"HTTP/1.1 200 OK\r\nContent-Length: 2\r\nConnection: close\r\n\r\nok");
         }
     });
 
Diff in /Users/inou/dev/rust/nrgize-rs/tests/lifecycle_hooks.rs:405:
         "#,
     )
     .unwrap();
-    Command::cargo_bin("nrg").unwrap().current_dir(dir.path()).arg("exec").assert().success();
+    Command::cargo_bin("nrg")
+        .unwrap()
+        .current_dir(dir.path())
+        .arg("exec")
+        .assert()
+        .success();
 
     // 2. A rollback attempt during the "freeze window" — hook_pre_deploy blocks it.
     fs::write(
Diff in /Users/inou/dev/rust/nrgize-rs/tests/lifecycle_hooks.rs:441:
         .success()
         .get_output()
         .clone();
-    let combined = String::from_utf8_lossy(&out.stdout).into_owned()
-        + &String::from_utf8_lossy(&out.stderr);
+    let combined =
+        String::from_utf8_lossy(&out.stdout).into_owned() + &String::from_utf8_lossy(&out.stderr);
     assert!(
         combined.contains("PREV=ghcr.io/org/app:v1"),
         ".prev must still be the GOOD image (v1) after a blocked rollback attempt, not \
Diff in /Users/inou/dev/rust/nrgize-rs/tests/lifecycle_hooks.rs:458:
     // replay.__skip_pre_deploy_hook suppression, a successful (non-blocked) rollback would fire
     // the hook TWICE, which would be surprising for anything with a real side effect (e.g. a
     // notification hook — nobody wants two Slack messages per rollback).
-    let (ok, out) = run(
-        r#"
+    let (ok, out) = run(r#"
         import "lib/deploy" as deploy;
         fn hook_pre_deploy(service, image, hosts) {
             print("HOOK PRE FIRED");
Diff in /Users/inou/dev/rust/nrgize-rs/tests/lifecycle_hooks.rs:467:
         state_set("app.image", "ghcr.io/org/app:v2");
         state_set("app.prev", "ghcr.io/org/app:v1");
         deploy::rollback(["web1"], "app");
-    "#,
-    );
+    "#);
     assert!(ok, "rollback should succeed:\n{out}");
     assert_eq!(
         out.matches("HOOK PRE FIRED").count(),
Diff in /Users/inou/dev/rust/nrgize-rs/tests/lock.rs:29:
 /// lock directory. Returns `(project_dir, bin_dir, sandbox_dir, path_env)` — all four temp dirs
 /// must stay alive (bound to a variable) for the test's duration, and `path_env` must be passed
 /// as the `PATH` for every `nrg lock` invocation so they all share the same sandboxed lock dir.
-fn project_with_sandboxed_lock()
--> (tempfile::TempDir, tempfile::TempDir, tempfile::TempDir, String) {
+fn project_with_sandboxed_lock() -> (
+    tempfile::TempDir,
+    tempfile::TempDir,
+    tempfile::TempDir,
+    String,
+) {
     let dir = tempfile::tempdir().unwrap();
     fs::create_dir_all(dir.path().join(".energize")).unwrap();
     fs::write(
Diff in /Users/inou/dev/rust/nrgize-rs/tests/lock.rs:38:
         r#"state_set("app.target.web1", "localhost:13000");"#,
     )
     .unwrap();
-    Command::cargo_bin("nrg").unwrap().current_dir(dir.path()).arg("exec").assert().success();
+    Command::cargo_bin("nrg")
+        .unwrap()
+        .current_dir(dir.path())
+        .arg("exec")
+        .assert()
+        .success();
 
     let bin = tempfile::tempdir().unwrap();
     let sandbox = tempfile::tempdir().unwrap();
Diff in /Users/inou/dev/rust/nrgize-rs/tests/lock.rs:45:
     fake_ssh_bin(bin.path(), sandbox.path());
-    let path_env = format!("{}:{}", bin.path().display(), std::env::var("PATH").unwrap());
+    let path_env = format!(
+        "{}:{}",
+        bin.path().display(),
+        std::env::var("PATH").unwrap()
+    );
     (dir, bin, sandbox, path_env)
 }
 
Diff in /Users/inou/dev/rust/nrgize-rs/tests/lock.rs:220:
         "#,
     )
     .unwrap();
-    Command::cargo_bin("nrg").unwrap().current_dir(dir.path()).arg("exec").assert().success();
+    Command::cargo_bin("nrg")
+        .unwrap()
+        .current_dir(dir.path())
+        .arg("exec")
+        .assert()
+        .success();
 
     Command::cargo_bin("nrg")
         .unwrap()
Diff in /Users/inou/dev/rust/nrgize-rs/tests/lock.rs:249:
         r#"state_set("app.target.web1", "localhost:13000");"#,
     )
     .unwrap();
-    Command::cargo_bin("nrg").unwrap().current_dir(dir.path()).arg("exec").assert().success();
+    Command::cargo_bin("nrg")
+        .unwrap()
+        .current_dir(dir.path())
+        .arg("exec")
+        .assert()
+        .success();
 
     let empty_bin = tempfile::tempdir().unwrap();
 
Diff in /Users/inou/dev/rust/nrgize-rs/tests/lock.rs:275:
         r#"state_set("app.target.web1", "localhost:13000");"#,
     )
     .unwrap();
-    Command::cargo_bin("nrg").unwrap().current_dir(dir.path()).arg("exec").assert().success();
+    Command::cargo_bin("nrg")
+        .unwrap()
+        .current_dir(dir.path())
+        .arg("exec")
+        .assert()
+        .success();
 
     let empty_bin = tempfile::tempdir().unwrap();
 
Diff in /Users/inou/dev/rust/nrgize-rs/tests/lock.rs:290:
 }
 
 fn fake_ssh_unreachable_bin(bin_dir: &Path) {
-    let script = "#!/bin/sh\necho 'ssh: connect to host web1 port 22: Connection refused' >&2\nexit 255\n";
+    let script =
+        "#!/bin/sh\necho 'ssh: connect to host web1 port 22: Connection refused' >&2\nexit 255\n";
     let bin = bin_dir.join("ssh");
     fs::write(&bin, script).unwrap();
     #[cfg(unix)]
Diff in /Users/inou/dev/rust/nrgize-rs/tests/lock.rs:315:
         r#"state_set("app.target.web1", "localhost:13000");"#,
     )
     .unwrap();
-    Command::cargo_bin("nrg").unwrap().current_dir(dir.path()).arg("exec").assert().success();
+    Command::cargo_bin("nrg")
+        .unwrap()
+        .current_dir(dir.path())
+        .arg("exec")
+        .assert()
+        .success();
 
     let bin = tempfile::tempdir().unwrap();
     fake_ssh_unreachable_bin(bin.path());
Diff in /Users/inou/dev/rust/nrgize-rs/tests/lock.rs:322:
-    let path_env = format!("{}:{}", bin.path().display(), std::env::var("PATH").unwrap());
+    let path_env = format!(
+        "{}:{}",
+        bin.path().display(),
+        std::env::var("PATH").unwrap()
+    );
 
     Command::cargo_bin("nrg")
         .unwrap()
Diff in /Users/inou/dev/rust/nrgize-rs/tests/lock.rs:360:
         r#"state_set("app.target.web1", "localhost:13000");"#,
     )
     .unwrap();
-    Command::cargo_bin("nrg").unwrap().current_dir(dir.path()).arg("exec").assert().success();
+    Command::cargo_bin("nrg")
+        .unwrap()
+        .current_dir(dir.path())
+        .arg("exec")
+        .assert()
+        .success();
 
     let bin = tempfile::tempdir().unwrap();
     fake_ssh_rm_failure_bin(bin.path());
Diff in /Users/inou/dev/rust/nrgize-rs/tests/lock.rs:367:
-    let path_env = format!("{}:{}", bin.path().display(), std::env::var("PATH").unwrap());
+    let path_env = format!(
+        "{}:{}",
+        bin.path().display(),
+        std::env::var("PATH").unwrap()
+    );
 
     Command::cargo_bin("nrg")
         .unwrap()
Diff in /Users/inou/dev/rust/nrgize-rs/tests/lock_contention.rs:14:
 fn wait_for_file(path: &std::path::Path, timeout: Duration) {
     let deadline = Instant::now() + timeout;
     while !path.exists() {
-        assert!(Instant::now() < deadline, "timed out waiting for {path:?} to appear");
+        assert!(
+            Instant::now() < deadline,
+            "timed out waiting for {path:?} to appear"
+        );
         std::thread::sleep(Duration::from_millis(10));
     }
 }
Diff in /Users/inou/dev/rust/nrgize-rs/tests/lock_contention.rs:50:
     let touch_cmd = format!("touch '{}'", marker.display());
     fs::write(
         dir.path().join("hold.rhai"),
-        format!(r#"local_exec("{touch}"); sleep(2); state_set("a", "1");"#, touch = touch_cmd),
+        format!(
+            r#"local_exec("{touch}"); sleep(2); state_set("a", "1");"#,
+            touch = touch_cmd
+        ),
     )
     .unwrap();
     fs::write(dir.path().join("quick.rhai"), r#"state_set("b", "2");"#).unwrap();
Diff in /Users/inou/dev/rust/nrgize-rs/tests/lock_contention.rs:86:
     );
     // Both writes landed (serialized, not lost).
     let state = fs::read_to_string(dir.path().join(".energize/state.json")).unwrap();
-    assert!(state.contains("\"a\"") && state.contains("\"b\""), "both writes must persist: {state}");
+    assert!(
+        state.contains("\"a\"") && state.contains("\"b\""),
+        "both writes must persist: {state}"
+    );
 }
 
 #[test]
Diff in /Users/inou/dev/rust/nrgize-rs/tests/lock_contention.rs:97:
 
     // The inner run writes its own key; if it tried to re-acquire the exclusive flock the outer
     // already holds, it would deadlock (and the test would hang/time out).
-    fs::write(dir.path().join("inner.rhai"), r#"state_set("inner", "ok");"#).unwrap();
+    fs::write(
+        dir.path().join("inner.rhai"),
+        r#"state_set("inner", "ok");"#,
+    )
+    .unwrap();
     // The outer run holds the lock, then shells out to a NESTED nrg (inheriting NRG_STATE_LOCK).
     fs::write(
         dir.path().join("outer.rhai"),
Diff in /Users/inou/dev/rust/nrgize-rs/tests/lock_contention.rs:119:
 
     let state = fs::read_to_string(dir.path().join(".energize/state.json")).unwrap();
     assert!(state.contains("\"outer\""), "outer write missing: {state}");
-    assert!(state.contains("\"inner\""), "nested write missing (deadlock or lost): {state}");
+    assert!(
+        state.contains("\"inner\""),
+        "nested write missing (deadlock or lost): {state}"
+    );
 }
 
Diff in /Users/inou/dev/rust/nrgize-rs/tests/multi_arch.rs:127:
 }
 
 fn run_sh(cmd: &str, cwd: &Path) -> Output {
-    StdCommand::new("sh").arg("-c").arg(cmd).current_dir(cwd).output().unwrap()
+    StdCommand::new("sh")
+        .arg("-c")
+        .arg(cmd)
+        .current_dir(cwd)
+        .output()
+        .unwrap()
 }
 
 fn run_sh_stdin(cmd: &str, cwd: &Path, stdin: &[u8]) -> Output {
Diff in /Users/inou/dev/rust/nrgize-rs/tests/multi_arch.rs:149:
 /// them independent of how a given tar quotes odd filenames when it prints them.
 fn sync_top_level(p: &SyncPlan, ctx: &Path, sandbox: &Path) {
     let prep = run_sh(&p.prep, sandbox);
-    assert!(prep.status.success(), "preparing the context dir failed: {prep:?}");
+    assert!(
+        prep.status.success(),
+        "preparing the context dir failed: {prep:?}"
+    );
     let archived = run_sh(&p.archive, ctx);
-    assert!(archived.status.success(), "archiving the context failed: {archived:?}");
+    assert!(
+        archived.status.success(),
+        "archiving the context failed: {archived:?}"
+    );
     let extracted = run_sh_stdin(&p.extract, sandbox, &archived.stdout);
-    assert!(extracted.status.success(), "extracting the context failed: {extracted:?}");
+    assert!(
+        extracted.status.success(),
+        "extracting the context failed: {extracted:?}"
+    );
 }
 
 fn top_level_names(dir: &Path) -> Vec<String> {
Diff in /Users/inou/dev/rust/nrgize-rs/tests/multi_arch.rs:177:
         .lines()
         .find(|l| l.contains("'ghcr.io/org/app:v1'"))
         .unwrap_or_else(|| panic!("no build line in plan:\n{plan}"));
-    assert!(line.contains(" build -t "), "expected a plain build: {line}");
-    assert!(!line.contains("buildx"), "must not use buildx when no platform is set: {line}");
+    assert!(
+        line.contains(" build -t "),
+        "expected a plain build: {line}"
+    );
+    assert!(
+        !line.contains("buildx"),
+        "must not use buildx when no platform is set: {line}"
+    );
 }
 
 #[test]
Diff in /Users/inou/dev/rust/nrgize-rs/tests/multi_arch.rs:193:
         .lines()
         .find(|l| l.contains("'ghcr.io/org/app:v1'"))
         .unwrap_or_else(|| panic!("no build line in plan:\n{plan}"));
-    assert!(line.contains("buildx build --platform 'linux/amd64' --load"), "got: {line}");
+    assert!(
+        line.contains("buildx build --platform 'linux/amd64' --load"),
+        "got: {line}"
+    );
 }
 
 #[test]
Diff in /Users/inou/dev/rust/nrgize-rs/tests/multi_arch.rs:205:
         docker::docker_build("ghcr.io/org/app:v1", #{ platform: "linux/amd64; rm -rf /" });
     "#,
     );
-    let line = plan.lines().find(|l| l.contains("buildx")).unwrap_or_else(|| panic!("got:\n{plan}"));
+    let line = plan
+        .lines()
+        .find(|l| l.contains("buildx"))
+        .unwrap_or_else(|| panic!("got:\n{plan}"));
     assert!(line.contains("'linux/amd64; rm -rf /'"), "got: {line}");
 }
 
Diff in /Users/inou/dev/rust/nrgize-rs/tests/multi_arch.rs:250:
         line.contains("buildx build --platform 'linux/amd64,linux/arm64' --push"),
         "got: {line}"
     );
-    assert!(!line.contains("--load"), "a multi-platform build must not use --load: {line}");
+    assert!(
+        !line.contains("--load"),
+        "a multi-platform build must not use --load: {line}"
+    );
 }
 
 #[test]
Diff in /Users/inou/dev/rust/nrgize-rs/tests/multi_arch.rs:268:
     "#,
     );
     assert!(
-        !plan.lines().any(|l| l.contains(" push ") && l.contains("'ghcr.io/org/app:v1'")),
+        !plan
+            .lines()
+            .any(|l| l.contains(" push ") && l.contains("'ghcr.io/org/app:v1'")),
         "must not run a separate docker push for a multi-platform build:\n{plan}"
     );
     let build_line = plan
Diff in /Users/inou/dev/rust/nrgize-rs/tests/multi_arch.rs:428:
     "#,
     );
     let remote_dir = "/tmp/.nrg-build-ctx-ghcr.io_org_app_v1";
-    assert!(plan.contains("4 action(s)"), "the sync must stay 4 planned actions:\n{plan}");
+    assert!(
+        plan.contains("4 action(s)"),
+        "the sync must stay 4 planned actions:\n{plan}"
+    );
 
     let prep = plan
         .lines()
Diff in /Users/inou/dev/rust/nrgize-rs/tests/multi_arch.rs:435:
         .find(|l| l.contains("rm -rf") && l.contains("mkdir"))
         .unwrap_or_else(|| panic!("no remote-context prep line in plan:\n{plan}"));
-    assert!(prep.starts_with("  ssh") && prep.contains("builder1"), "prep must run via ssh on build_host: {prep}");
-    assert!(prep.contains(remote_dir), "prep must target the remote context dir: {prep}");
     assert!(
+        prep.starts_with("  ssh") && prep.contains("builder1"),
+        "prep must run via ssh on build_host: {prep}"
+    );
+    assert!(
+        prep.contains(remote_dir),
+        "prep must target the remote context dir: {prep}"
+    );
+    assert!(
         prep.contains("mkdir -m 700 -p"),
         "prep must recreate the dir after wiping it, and create it PRIVATE in one step — `/tmp` on \
          a build host is shared with every other local user there: {prep}"
Diff in /Users/inou/dev/rust/nrgize-rs/tests/multi_arch.rs:446:
         .lines()
         .find(|l| l.contains("tar -czf") && l.contains("base64"))
         .unwrap_or_else(|| panic!("no local archive line in plan:\n{plan}"));
-    assert!(archive.starts_with("  local"), "archiving the context must run LOCALLY, not on build_host: {archive}");
     assert!(
+        archive.starts_with("  local"),
+        "archiving the context must run LOCALLY, not on build_host: {archive}"
+    );
+    assert!(
         archive.contains("--exclude-from=.dockerignore"),
         "must conditionally honor a context/.dockerignore via tar --exclude-from: {archive}"
     );
Diff in /Users/inou/dev/rust/nrgize-rs/tests/multi_arch.rs:474:
         .lines()
         .find(|l| l.contains("base64 -d") && l.contains("tar -xzf"))
         .unwrap_or_else(|| panic!("no remote extract line in plan:\n{plan}"));
-    assert!(sync.starts_with("  ssh-stdin") && sync.contains("builder1"), "extract must run via ssh_exec_stdin on build_host: {sync}");
-    assert!(sync.contains(remote_dir), "extract must target the synced remote dir: {sync}");
+    assert!(
+        sync.starts_with("  ssh-stdin") && sync.contains("builder1"),
+        "extract must run via ssh_exec_stdin on build_host: {sync}"
+    );
+    assert!(
+        sync.contains(remote_dir),
+        "extract must target the synced remote dir: {sync}"
+    );
 
     let build = plan
         .lines()
Diff in /Users/inou/dev/rust/nrgize-rs/tests/multi_arch.rs:482:
         .find(|l| l.contains(remote_dir) && l.contains("docker build"))
         .unwrap_or_else(|| panic!("no remote build line in plan:\n{plan}"));
-    assert!(build.starts_with("  ssh") && build.contains("builder1"), "the build itself must run via ssh on build_host: {build}");
-    assert!(build.contains("cd '") && build.contains("&&"), "must cd into the synced dir before building: {build}");
-    assert!(build.contains("-t 'ghcr.io/org/app:v1'"), "must still pass the tag: {build}");
     assert!(
+        build.starts_with("  ssh") && build.contains("builder1"),
+        "the build itself must run via ssh on build_host: {build}"
+    );
+    assert!(
+        build.contains("cd '") && build.contains("&&"),
+        "must cd into the synced dir before building: {build}"
+    );
+    assert!(
+        build.contains("-t 'ghcr.io/org/app:v1'"),
+        "must still pass the tag: {build}"
+    );
+    assert!(
         build.contains(&format!(" . ; rc=$?; rm -rf '{remote_dir}'; exit $rc")),
         "build context arg must still be '.' (relative to the cd'd remote dir), and the synced \
          context must be deleted afterwards without masking the build's own exit code: {build}"
Diff in /Users/inou/dev/rust/nrgize-rs/tests/multi_arch.rs:516:
         .lines()
         .find(|l| l.contains("docker build"))
         .unwrap_or_else(|| panic!("no build line in plan:\n{plan}"));
-    assert!(build_line.starts_with("  local"), "the build must still run locally: {build_line}");
+    assert!(
+        build_line.starts_with("  local"),
+        "the build must still run locally: {build_line}"
+    );
 }
 
 #[test]
Diff in /Users/inou/dev/rust/nrgize-rs/tests/multi_arch.rs:535:
         .lines()
         .find(|l| l.contains("push") && l.contains("'ghcr.io/org/app:v1'"))
         .unwrap_or_else(|| panic!("no push line in plan:\n{plan}"));
-    assert!(push.starts_with("  ssh") && push.contains("builder1"), "push must run via ssh on build_host, not locally: {push}");
+    assert!(
+        push.starts_with("  ssh") && push.contains("builder1"),
+        "push must run via ssh on build_host, not locally: {push}"
+    );
 }
 
 #[test]
Diff in /Users/inou/dev/rust/nrgize-rs/tests/multi_arch.rs:551:
         .lines()
         .find(|l| l.contains("push") && l.contains("'ghcr.io/org/app:v1'"))
         .unwrap_or_else(|| panic!("no push line in plan:\n{plan}"));
-    assert!(push.starts_with("  local"), "push must still run locally with no build_host set: {push}");
+    assert!(
+        push.starts_with("  local"),
+        "push must still run locally with no build_host set: {push}"
+    );
 }
 
 #[test]
Diff in /Users/inou/dev/rust/nrgize-rs/tests/multi_arch.rs:581:
         .lines()
         .find(|l| l.contains("buildx build") && l.contains("--push"))
         .unwrap_or_else(|| panic!("no remote buildx --push line in plan:\n{plan}"));
-    assert!(build.starts_with("  ssh") && build.contains("builder1"), "the multi-platform build+push must run on build_host: {build}");
+    assert!(
+        build.starts_with("  ssh") && build.contains("builder1"),
+        "the multi-platform build+push must run on build_host: {build}"
+    );
 }
 
 #[test]
Diff in /Users/inou/dev/rust/nrgize-rs/tests/multi_arch.rs:596:
         .lines()
         .find(|l| l.contains("push") && l.contains("'ghcr.io/org/app:v1'"))
         .unwrap_or_else(|| panic!("no push line in plan:\n{plan}"));
-    assert!(push.starts_with("  ssh") && push.contains("builder1"), "docker_push(host, tag) must run via ssh: {push}");
+    assert!(
+        push.starts_with("  ssh") && push.contains("builder1"),
+        "docker_push(host, tag) must run via ssh: {push}"
+    );
 }
 
 #[test]
Diff in /Users/inou/dev/rust/nrgize-rs/tests/multi_arch.rs:611:
         .lines()
         .find(|l| l.contains("push") && l.contains("'ghcr.io/org/app:v1'"))
         .unwrap_or_else(|| panic!("no push line in plan:\n{plan}"));
-    assert!(push.starts_with("  local"), "docker_push(\"\", tag) must still run locally: {push}");
+    assert!(
+        push.starts_with("  local"),
+        "docker_push(\"\", tag) must still run locally: {push}"
+    );
 }
 
 #[test]
Diff in /Users/inou/dev/rust/nrgize-rs/tests/multi_arch.rs:711:
             "{cred} must never reach a build host, but the synced context has: {names:?}"
         );
     }
-    assert!(names.iter().any(|n| n == "Dockerfile"), "the build must still get its Dockerfile: {names:?}");
-    assert!(names.iter().any(|n| n == "app.txt"), "the build must still get the source: {names:?}");
     assert!(
+        names.iter().any(|n| n == "Dockerfile"),
+        "the build must still get its Dockerfile: {names:?}"
+    );
+    assert!(
+        names.iter().any(|n| n == "app.txt"),
+        "the build must still get the source: {names:?}"
+    );
+    assert!(
         p.dir.join("config/.env").exists() && p.dir.join("config/.nrg-key").exists(),
         "only the context ROOT is skipped — a nested config/.env the app really builds against \
          must still be synced"
Diff in /Users/inou/dev/rust/nrgize-rs/tests/multi_arch.rs:763:
     let p = sync_plan(sandbox.path());
 
     let creds_only = tempfile::tempdir().unwrap();
-    fs::write(creds_only.path().join(".nrg-key"), "AGE-SECRET-KEY-1EXAMPLE").unwrap();
+    fs::write(
+        creds_only.path().join(".nrg-key"),
+        "AGE-SECRET-KEY-1EXAMPLE",
+    )
+    .unwrap();
     fs::write(creds_only.path().join(".env"), "A=b").unwrap();
     fs::create_dir_all(creds_only.path().join(".energize")).unwrap();
 
Diff in /Users/inou/dev/rust/nrgize-rs/tests/multi_arch.rs:771:
 
     for ctx in [creds_only.path(), empty.path()] {
         let out = run_sh(&p.archive, ctx);
-        assert!(!out.status.success(), "a context with nothing to sync must fail: {out:?}");
-        assert!(out.stdout.is_empty(), "must not emit an archive for an empty context: {out:?}");
         assert!(
+            !out.status.success(),
+            "a context with nothing to sync must fail: {out:?}"
+        );
+        assert!(
+            out.stdout.is_empty(),
+            "must not emit an archive for an empty context: {out:?}"
+        );
+        assert!(
             String::from_utf8_lossy(&out.stderr).contains("never synced to a remote builder"),
             "the failure must explain itself: {out:?}"
         );
Diff in /Users/inou/dev/rust/nrgize-rs/tests/multi_arch.rs:802:
     fs::write(ctx.path().join("app.txt"), "src").unwrap();
 
     let prep = run_sh(&p.prep, sandbox.path());
-    assert!(prep.status.success(), "preparing the context dir failed: {prep:?}");
+    assert!(
+        prep.status.success(),
+        "preparing the context dir failed: {prep:?}"
+    );
     let mode = fs::metadata(&p.dir).unwrap().permissions().mode() & 0o777;
-    assert_eq!(mode, 0o700, "the synced context dir must be created private, got {mode:o}");
+    assert_eq!(
+        mode, 0o700,
+        "the synced context dir must be created private, got {mode:o}"
+    );
 
     let archived = run_sh(&p.archive, ctx.path());
-    assert!(archived.status.success(), "archiving the context failed: {archived:?}");
+    assert!(
+        archived.status.success(),
+        "archiving the context failed: {archived:?}"
+    );
     let extracted = run_sh_stdin(&p.extract, sandbox.path(), &archived.stdout);
-    assert!(extracted.status.success(), "extracting the context failed: {extracted:?}");
-    assert!(p.dir.join("app.txt").exists(), "the context must actually land in the synced dir");
+    assert!(
+        extracted.status.success(),
+        "extracting the context failed: {extracted:?}"
+    );
+    assert!(
+        p.dir.join("app.txt").exists(),
+        "the context must actually land in the synced dir"
+    );
     let mode = fs::metadata(&p.dir).unwrap().permissions().mode() & 0o777;
-    assert_eq!(mode, 0o700, "extraction must not widen the synced context dir, got {mode:o}");
+    assert_eq!(
+        mode, 0o700,
+        "extraction must not widen the synced context dir, got {mode:o}"
+    );
 }
 
 #[cfg(unix)]
Diff in /Users/inou/dev/rust/nrgize-rs/tests/multi_arch.rs:848:
         .arg("-c")
         .arg(format!("umask 022; {}", p.archive))
         .current_dir(ctx.path())
-        .env("PATH", format!("{}:{}", bin.display(), std::env::var("PATH").unwrap_or_default()))
+        .env(
+            "PATH",
+            format!(
+                "{}:{}",
+                bin.display(),
+                std::env::var("PATH").unwrap_or_default()
+            ),
+        )
         .env("NRG_TEST_KEEP", &kept)
         .output()
         .unwrap();
Diff in /Users/inou/dev/rust/nrgize-rs/tests/multi_arch.rs:855:
-    assert!(out.status.success(), "archiving the context failed: {out:?}");
+    assert!(
+        out.status.success(),
+        "archiving the context failed: {out:?}"
+    );
 
     let mode = fs::metadata(&kept).unwrap().permissions().mode() & 0o777;
-    assert_eq!(mode, 0o600, "the local temp archive must not be world-readable, got {mode:o}");
+    assert_eq!(
+        mode, 0o600,
+        "the local temp archive must not be world-readable, got {mode:o}"
+    );
 }
 
 #[test]
Diff in /Users/inou/dev/rust/nrgize-rs/tests/multi_arch.rs:883:
         use std::os::unix::fs::PermissionsExt;
         fs::set_permissions(bin.join("docker"), fs::Permissions::from_mode(0o755)).unwrap();
     }
-    let path = format!("{}:{}", bin.display(), std::env::var("PATH").unwrap_or_default());
+    let path = format!(
+        "{}:{}",
+        bin.display(),
+        std::env::var("PATH").unwrap_or_default()
+    );
 
     for rc in ["0", "7"] {
         fs::create_dir_all(&p.dir).unwrap();
Diff in /Users/inou/dev/rust/nrgize-rs/tests/proxy_maintenance.rs:123:
     "#,
     );
     assert!(
-        plan.contains("kamal-proxy stop 'app' --drain-timeout='30s' --message 'Upgrading the database'"),
+        plan.contains(
+            "kamal-proxy stop 'app' --drain-timeout='30s' --message 'Upgrading the database'"
+        ),
         "cfg.message must be passed through to kamal-proxy's own --message flag:\n{plan}"
     );
 }
Diff in /Users/inou/dev/rust/nrgize-rs/tests/proxy_maintenance.rs:136:
         proxy::proxy_maintenance("host1", "app", false);
     "#,
     );
-    assert!(plan.contains("kamal-proxy resume 'app'"), "missing kamal-proxy resume:\n{plan}");
-    assert!(!plan.contains("kamal-proxy stop"), "resume must not also stop:\n{plan}");
+    assert!(
+        plan.contains("kamal-proxy resume 'app'"),
+        "missing kamal-proxy resume:\n{plan}"
+    );
+    assert!(
+        !plan.contains("kamal-proxy stop"),
+        "resume must not also stop:\n{plan}"
+    );
 }
 
 // ---------------------------------------------------------------------------
Diff in /Users/inou/dev/rust/nrgize-rs/tests/proxy_maintenance.rs:166:
         plan.contains("\"handler\":\"static_response\""),
         "missing the static_response handler swap:\n{plan}"
     );
-    assert!(plan.contains("\"status_code\":503"), "missing the default 503 status:\n{plan}");
     assert!(
+        plan.contains("\"status_code\":503"),
+        "missing the default 503 status:\n{plan}"
+    );
+    assert!(
         plan.contains("Service temporarily unavailable for maintenance."),
         "missing the default maintenance message:\n{plan}"
     );
Diff in /Users/inou/dev/rust/nrgize-rs/tests/proxy_maintenance.rs:174:
-    assert!(!plan.contains("\"@id\""), "must not PATCH the route's @id (would replace the whole route):\n{plan}");
+    assert!(
+        !plan.contains("\"@id\""),
+        "must not PATCH the route's @id (would replace the whole route):\n{plan}"
+    );
 }
 
 #[test]
Diff in /Users/inou/dev/rust/nrgize-rs/tests/proxy_maintenance.rs:188:
         plan.contains("/id/x%2F..%2Fsecret/handle"),
         "the slash-containing service name must be percent-encoded before it's used as a URL path segment:\n{plan}"
     );
-    assert!(!plan.contains("/id/x/../secret"), "must never address the admin API with an un-encoded, traversal-shaped path:\n{plan}");
+    assert!(
+        !plan.contains("/id/x/../secret"),
+        "must never address the admin API with an un-encoded, traversal-shaped path:\n{plan}"
+    );
 }
 
 #[test]
Diff in /Users/inou/dev/rust/nrgize-rs/tests/proxy_maintenance.rs:199:
         proxy::proxy_maintenance("host1", "app", true, #{ status_code: 418, message: "Back soon!" });
     "#,
     );
-    assert!(plan.contains("Back soon!"), "custom message not threaded through:\n{plan}");
+    assert!(
+        plan.contains("Back soon!"),
+        "custom message not threaded through:\n{plan}"
+    );
     assert!(
         plan.contains("\"status_code\":418"),
         "custom status_code not threaded through (still showing the default 503?):\n{plan}"
Diff in /Users/inou/dev/rust/nrgize-rs/tests/remove.rs:31:
     let dir = tempfile::tempdir().unwrap();
     fs::create_dir_all(dir.path().join(".energize")).unwrap();
     fs::write(dir.path().join("Energize.rhai"), script).unwrap();
-    Command::cargo_bin("nrg").unwrap().current_dir(dir.path()).arg("exec").assert().success();
+    Command::cargo_bin("nrg")
+        .unwrap()
+        .current_dir(dir.path())
+        .arg("exec")
+        .assert()
+        .success();
     dir
 }
 
Diff in /Users/inou/dev/rust/nrgize-rs/tests/remove.rs:48:
     let bin = tempfile::tempdir().unwrap();
     let log = bin.path().join("ssh_argv.log");
     fake_ssh_bin(bin.path(), &log);
-    let path = format!("{}:{}", bin.path().display(), std::env::var("PATH").unwrap());
+    let path = format!(
+        "{}:{}",
+        bin.path().display(),
+        std::env::var("PATH").unwrap()
+    );
 
     Command::cargo_bin("nrg")
         .unwrap()
Diff in /Users/inou/dev/rust/nrgize-rs/tests/remove.rs:62:
         .stdout(predicates::str::contains("web1"))
         .stdout(predicates::str::contains("--yes"));
 
-    assert!(!log.exists(), "ssh must never run without --yes: {:?}", fs::read_to_string(&log));
+    assert!(
+        !log.exists(),
+        "ssh must never run without --yes: {:?}",
+        fs::read_to_string(&log)
+    );
 }
 
 #[test]
Diff in /Users/inou/dev/rust/nrgize-rs/tests/remove.rs:71:
     let bin = tempfile::tempdir().unwrap();
     let log = bin.path().join("ssh_argv.log");
     fake_ssh_bin(bin.path(), &log);
-    let path = format!("{}:{}", bin.path().display(), std::env::var("PATH").unwrap());
+    let path = format!(
+        "{}:{}",
+        bin.path().display(),
+        std::env::var("PATH").unwrap()
+    );
 
     Command::cargo_bin("nrg")
         .unwrap()
Diff in /Users/inou/dev/rust/nrgize-rs/tests/remove.rs:93:
     let bin = tempfile::tempdir().unwrap();
     let log = bin.path().join("ssh_argv.log");
     fake_ssh_bin(bin.path(), &log);
-    let path = format!("{}:{}", bin.path().display(), std::env::var("PATH").unwrap());
+    let path = format!(
+        "{}:{}",
+        bin.path().display(),
+        std::env::var("PATH").unwrap()
+    );
 
     Command::cargo_bin("nrg")
         .unwrap()
Diff in /Users/inou/dev/rust/nrgize-rs/tests/remove.rs:114:
     let bin = tempfile::tempdir().unwrap();
     let log = bin.path().join("ssh_argv.log");
     fake_ssh_bin(bin.path(), &log);
-    let path = format!("{}:{}", bin.path().display(), std::env::var("PATH").unwrap());
+    let path = format!(
+        "{}:{}",
+        bin.path().display(),
+        std::env::var("PATH").unwrap()
+    );
 
     Command::cargo_bin("nrg")
         .unwrap()
Diff in /Users/inou/dev/rust/nrgize-rs/tests/remove.rs:145:
     let bin = tempfile::tempdir().unwrap();
     let log = bin.path().join("ssh_argv.log");
     fake_ssh_bin(bin.path(), &log);
-    let path = format!("{}:{}", bin.path().display(), std::env::var("PATH").unwrap());
+    let path = format!(
+        "{}:{}",
+        bin.path().display(),
+        std::env::var("PATH").unwrap()
+    );
 
     Command::cargo_bin("nrg")
         .unwrap()
Diff in /Users/inou/dev/rust/nrgize-rs/tests/remove.rs:177:
     let bin = tempfile::tempdir().unwrap();
     let log = bin.path().join("ssh_argv.log");
     fake_ssh_bin(bin.path(), &log);
-    let path = format!("{}:{}", bin.path().display(), std::env::var("PATH").unwrap());
+    let path = format!(
+        "{}:{}",
+        bin.path().display(),
+        std::env::var("PATH").unwrap()
+    );
 
     Command::cargo_bin("nrg")
         .unwrap()
Diff in /Users/inou/dev/rust/nrgize-rs/tests/rollback.rs:22:
     fs::create_dir_all(dir.path().join(".energize")).unwrap();
     link_lib(dir.path());
     fs::write(dir.path().join("Energize.rhai"), script).unwrap();
-    Command::cargo_bin("nrg").unwrap().current_dir(dir.path()).arg("exec").assert().success();
+    Command::cargo_bin("nrg")
+        .unwrap()
+        .current_dir(dir.path())
+        .arg("exec")
+        .assert()
+        .success();
     dir
 }
 
Diff in /Users/inou/dev/rust/nrgize-rs/tests/rollback.rs:56:
     Command::cargo_bin("nrg")
         .unwrap()
         .current_dir(dir.path())
-        .args(["rollback", "app", "--image", "ghcr.io/org/app:v9", "--dry-run"])
+        .args([
+            "rollback",
+            "app",
+            "--image",
+            "ghcr.io/org/app:v9",
+            "--dry-run",
+        ])
         .assert()
         .success()
         .stdout(predicates::str::contains("ghcr.io/org/app:v9"))
Diff in /Users/inou/dev/rust/nrgize-rs/tests/rollback.rs:145:
         ])
         .assert()
         .failure()
-        .stderr(predicates::str::contains("OTHER DIRECTORY'S DEPLOY.RHAI RAN"));
+        .stderr(predicates::str::contains(
+            "OTHER DIRECTORY'S DEPLOY.RHAI RAN",
+        ));
 }
 
 #[test]
Diff in /Users/inou/dev/rust/nrgize-rs/tests/rollback.rs:157:
     let dir = tempfile::tempdir().unwrap();
     fs::create_dir_all(dir.path().join(".energize")).unwrap();
     fs::write(dir.path().join("Energize.rhai"), "").unwrap();
-    Command::cargo_bin("nrg").unwrap().current_dir(dir.path()).arg("exec").assert().success();
+    Command::cargo_bin("nrg")
+        .unwrap()
+        .current_dir(dir.path())
+        .arg("exec")
+        .assert()
+        .success();
 
     let other = tempfile::tempdir().unwrap();
     link_lib(other.path());
Diff in /Users/inou/dev/rust/nrgize-rs/tests/rollback.rs:181:
         .get_output()
         .clone();
     let stderr = String::from_utf8_lossy(&out.stderr);
-    assert!(!stderr.contains("lib/deploy.rhai"), "must NOT report a missing stdlib: {stderr}");
-    assert!(stderr.contains("No rollback image found"), "expected the stdlib's own error: {stderr}");
+    assert!(
+        !stderr.contains("lib/deploy.rhai"),
+        "must NOT report a missing stdlib: {stderr}"
+    );
+    assert!(
+        stderr.contains("No rollback image found"),
+        "expected the stdlib's own error: {stderr}"
+    );
 }
 
 #[test]
Diff in /Users/inou/dev/rust/nrgize-rs/tests/rollback.rs:211:
     Command::cargo_bin("nrg")
         .unwrap()
         .current_dir(dir.path())
-        .args(["rollback", "app", "--host", "web1", "--file", "totally-missing.rhai", "--dry-run"])
+        .args([
+            "rollback",
+            "app",
+            "--host",
+            "web1",
+            "--file",
+            "totally-missing.rhai",
+            "--dry-run",
+        ])
         .assert()
         .failure()
         .stderr(predicates::str::contains("does not exist"));
Diff in /Users/inou/dev/rust/nrgize-rs/tests/rollback.rs:242:
     let dir = project_with_state(SEED_SCRIPT);
     let bin = tempfile::tempdir().unwrap();
     fake_ssh_bin_fails_fast(bin.path());
-    let path_env = format!("{}:{}", bin.path().display(), std::env::var("PATH").unwrap());
+    let path_env = format!(
+        "{}:{}",
+        bin.path().display(),
+        std::env::var("PATH").unwrap()
+    );
 
     Command::cargo_bin("nrg")
         .unwrap()
Diff in /Users/inou/dev/rust/nrgize-rs/tests/rollback.rs:249:
         .current_dir(dir.path())
         .env("PATH", &path_env)
-        .args(["rollback", "app", "--host", "web1", "--image", "ghcr.io/org/app:v9"])
+        .args([
+            "rollback",
+            "app",
+            "--host",
+            "web1",
+            "--image",
+            "ghcr.io/org/app:v9",
+        ])
         .assert()
         .failure();
 
Diff in /Users/inou/dev/rust/nrgize-rs/tests/rollback.rs:278:
         .assert()
         .success();
 
-    assert!(!dir.path().join("lib").exists(), "this test's whole point is having no lib/ at all");
+    assert!(
+        !dir.path().join("lib").exists(),
+        "this test's whole point is having no lib/ at all"
+    );
 
     Command::cargo_bin("nrg")
         .unwrap()
Diff in /Users/inou/dev/rust/nrgize-rs/tests/run_fn.rs:102:
         .stdout(predicates::str::contains("shipped = <3 bytes>"))
         .stdout(predicates::str::contains("0 executed."));
 
-    assert!(!sentinel.exists(), "dry-run must not execute the local_exec");
     assert!(
+        !sentinel.exists(),
+        "dry-run must not execute the local_exec"
+    );
+    assert!(
         !dir.path().join(".energize/state.json").exists(),
         "dry-run must not write state.json"
     );
Diff in /Users/inou/dev/rust/nrgize-rs/tests/run_fn.rs:155:
         .arg("deploy") // expects 1 arg, given 0
         .assert()
         .failure();
-    assert!(!sentinel.exists(), "the top level must not run on an arity mismatch");
+    assert!(
+        !sentinel.exists(),
+        "the top level must not run on an arity mismatch"
+    );
 }
 
 /// Calling a function that does not exist surfaces as a non-zero exit (redacted error).
Diff in /Users/inou/dev/rust/nrgize-rs/tests/secrets_age.rs:71:
     let dir = tempfile::tempdir().unwrap();
 
     // 1. init generates the key pair (and parses the pubkey out of age-keygen's stderr).
-    nrg(dir.path()).arg("secrets").arg("init").assert().success();
-    assert!(dir.path().join(".nrg-key").exists(), ".nrg-key must exist after init");
-    assert!(dir.path().join(".nrg-key.pub").exists(), ".nrg-key.pub must exist after init");
+    nrg(dir.path())
+        .arg("secrets")
+        .arg("init")
+        .assert()
+        .success();
+    assert!(
+        dir.path().join(".nrg-key").exists(),
+        ".nrg-key must exist after init"
+    );
+    assert!(
+        dir.path().join(".nrg-key.pub").exists(),
+        ".nrg-key.pub must exist after init"
+    );
 
     // The private identity must be owner-only (issue #14).
     #[cfg(unix)]
Diff in /Users/inou/dev/rust/nrgize-rs/tests/secrets_age.rs:80:
     {
         use std::os::unix::fs::PermissionsExt;
-        let mode = fs::metadata(dir.path().join(".nrg-key")).unwrap().permissions().mode() & 0o777;
+        let mode = fs::metadata(dir.path().join(".nrg-key"))
+            .unwrap()
+            .permissions()
+            .mode()
+            & 0o777;
         assert_eq!(mode, 0o600, ".nrg-key must be 0600");
     }
 
Diff in /Users/inou/dev/rust/nrgize-rs/tests/secrets_age.rs:94:
         .get_output()
         .clone();
     let token = String::from_utf8_lossy(&out.stdout).trim().to_string();
-    assert!(token.starts_with("ENC[") && token.ends_with(']'), "bad token framing: {token}");
+    assert!(
+        token.starts_with("ENC[") && token.ends_with(']'),
+        "bad token framing: {token}"
+    );
 
     // 3. decrypt the token -> original plaintext.
     let out = nrg(dir.path())
Diff in /Users/inou/dev/rust/nrgize-rs/tests/secrets_age.rs:106:
         .get_output()
         .clone();
     let decrypted = String::from_utf8_lossy(&out.stdout).trim().to_string();
-    assert_eq!(decrypted, secret, "decrypt must recover the original plaintext");
+    assert_eq!(
+        decrypted, secret,
+        "decrypt must recover the original plaintext"
+    );
 }
 
 #[cfg(unix)] // the ownership / mode check this asserts on is unix-only
Diff in /Users/inou/dev/rust/nrgize-rs/tests/secrets_age.rs:119:
     use std::os::unix::fs::PermissionsExt;
     let dir = tempfile::tempdir().unwrap();
     let pubkey = dir.path().join(".nrg-key.pub");
-    fs::write(&pubkey, "age1qyqszqgpqyqszqgpqyqszqgpqyqszqgpqyqszqgpqyqszqgpqyqszqgpqqqqqqq\n")
-        .unwrap();
+    fs::write(
+        &pubkey,
+        "age1qyqszqgpqyqszqgpqyqszqgpqyqszqgpqyqszqgpqyqszqgpqyqszqgpqqqqqqq\n",
+    )
+    .unwrap();
     fs::set_permissions(&pubkey, fs::Permissions::from_mode(0o666)).unwrap();
 
     let out = nrg(dir.path())
Diff in /Users/inou/dev/rust/nrgize-rs/tests/secrets_age.rs:149:
         return;
     }
     let dir = tempfile::tempdir().unwrap();
-    nrg(dir.path()).arg("secrets").arg("init").assert().success();
+    nrg(dir.path())
+        .arg("secrets")
+        .arg("init")
+        .assert()
+        .success();
 
     let out = nrg(dir.path())
         .arg("secrets")
Diff in /Users/inou/dev/rust/nrgize-rs/tests/secrets_age.rs:177:
         return;
     }
     let dir = tempfile::tempdir().unwrap();
-    nrg(dir.path()).arg("secrets").arg("init").assert().success(); // .nrg-key also marks the project root
+    nrg(dir.path())
+        .arg("secrets")
+        .arg("init")
+        .assert()
+        .success(); // .nrg-key also marks the project root
 
     let plaintext = "super-secret-prod-password-value";
     let out = nrg(dir.path())
Diff in /Users/inou/dev/rust/nrgize-rs/tests/secrets_age.rs:250:
 
     fs::create_dir_all(dir.path().join(".energize")).unwrap();
     fs::write(dir.path().join(".env"), format!("DB_PASSWORD={token}\n")).unwrap();
-    fs::write(dir.path().join("Energize.rhai"), r#"let pw = secret("DB_PASSWORD");"#).unwrap();
+    fs::write(
+        dir.path().join("Energize.rhai"),
+        r#"let pw = secret("DB_PASSWORD");"#,
+    )
+    .unwrap();
 
     let mut exec_cmd = nrg(dir.path());
     isolated_home(&mut exec_cmd);
Diff in /Users/inou/dev/rust/nrgize-rs/tests/secrets_age.rs:272:
         return;
     }
     let dir_a = tempfile::tempdir().unwrap();
-    nrg(dir_a.path()).arg("secrets").arg("init").assert().success();
+    nrg(dir_a.path())
+        .arg("secrets")
+        .arg("init")
+        .assert()
+        .success();
     let out = nrg(dir_a.path())
         .arg("secrets")
         .arg("encrypt")
Diff in /Users/inou/dev/rust/nrgize-rs/tests/secrets_age.rs:285:
 
     // A different project, with its OWN (non-matching) key pair.
     let dir_b = tempfile::tempdir().unwrap();
-    nrg(dir_b.path()).arg("secrets").arg("init").assert().success();
+    nrg(dir_b.path())
+        .arg("secrets")
+        .arg("init")
+        .assert()
+        .success();
 
     nrg(dir_b.path())
         .arg("secrets")
Diff in /Users/inou/dev/rust/nrgize-rs/tests/secrets_age.rs:293:
         .arg(&token)
         .assert()
         .failure()
-        .stderr(predicates::str::contains("no identity matched any of the recipients"));
+        .stderr(predicates::str::contains(
+            "no identity matched any of the recipients",
+        ));
 }
 
 #[test]
Diff in /Users/inou/dev/rust/nrgize-rs/tests/secrets_age.rs:306:
         return;
     }
     let dir = tempfile::tempdir().unwrap();
-    nrg(dir.path()).arg("secrets").arg("init").assert().success();
+    nrg(dir.path())
+        .arg("secrets")
+        .arg("init")
+        .assert()
+        .success();
 
     nrg(dir.path())
         .arg("secrets")
Diff in /Users/inou/dev/rust/nrgize-rs/tests/secrets_age.rs:379:
         return;
     }
     let dir = tempfile::tempdir().unwrap();
-    nrg(dir.path()).arg("secrets").arg("init").assert().success();
+    nrg(dir.path())
+        .arg("secrets")
+        .arg("init")
+        .assert()
+        .success();
 
     // Seal an .env file, then unseal it and confirm the contents survive.
     let env_body = "DATABASE_URL=postgres://u:p@db/x\nAPI_KEY=abc123def456\n";
Diff in /Users/inou/dev/rust/nrgize-rs/tests/secrets_age.rs:386:
     fs::write(dir.path().join(".env"), env_body).unwrap();
-    nrg(dir.path()).arg("secrets").arg("seal").arg(".env").assert().success();
-    assert!(dir.path().join(".env.enc").exists(), ".env.enc must be produced");
+    nrg(dir.path())
+        .arg("secrets")
+        .arg("seal")
+        .arg(".env")
+        .assert()
+        .success();
+    assert!(
+        dir.path().join(".env.enc").exists(),
+        ".env.enc must be produced"
+    );
 
     // Remove the plaintext, then unseal it back.
     fs::remove_file(dir.path().join(".env")).unwrap();
Diff in /Users/inou/dev/rust/nrgize-rs/tests/secrets_age.rs:392:
-    nrg(dir.path()).arg("secrets").arg("unseal").arg(".env.enc").assert().success();
+    nrg(dir.path())
+        .arg("secrets")
+        .arg("unseal")
+        .arg(".env.enc")
+        .assert()
+        .success();
     let restored = fs::read_to_string(dir.path().join(".env")).unwrap();
-    assert_eq!(restored, env_body, "unseal must recover the original .env contents");
+    assert_eq!(
+        restored, env_body,
+        "unseal must recover the original .env contents"
+    );
 
     // Robustness review: the decrypted output must be owner-only (0600) at rest, matching the
     // private identity's own floor — `age -o` writes under the process umask otherwise.
Diff in /Users/inou/dev/rust/nrgize-rs/tests/secrets_age.rs:398:
     #[cfg(unix)]
     {
         use std::os::unix::fs::PermissionsExt;
-        let mode = fs::metadata(dir.path().join(".env")).unwrap().permissions().mode() & 0o777;
+        let mode = fs::metadata(dir.path().join(".env"))
+            .unwrap()
+            .permissions()
+            .mode()
+            & 0o777;
         assert_eq!(mode, 0o600, "unsealed .env must be 0600");
     }
 }
Diff in /Users/inou/dev/rust/nrgize-rs/tests/secrets_age.rs:412:
         return;
     }
     let dir = tempfile::tempdir().unwrap();
-    nrg(dir.path()).arg("secrets").arg("init").assert().success();
+    nrg(dir.path())
+        .arg("secrets")
+        .arg("init")
+        .assert()
+        .success();
 
     fs::write(dir.path().join(".env"), "ORIGINAL=1\n").unwrap();
-    nrg(dir.path()).arg("secrets").arg("seal").arg(".env").assert().success();
+    nrg(dir.path())
+        .arg("secrets")
+        .arg("seal")
+        .arg(".env")
+        .assert()
+        .success();
 
     // Locally edit .env AFTER sealing (simulating an operator's in-progress edit).
     fs::write(dir.path().join(".env"), "LOCALLY_EDITED=1\n").unwrap();
Diff in /Users/inou/dev/rust/nrgize-rs/tests/secrets_age.rs:431:
 
     // The locally-edited content must survive the refused unseal.
     let contents = fs::read_to_string(dir.path().join(".env")).unwrap();
-    assert_eq!(contents, "LOCALLY_EDITED=1\n", "a refused unseal must not touch the existing file");
+    assert_eq!(
+        contents, "LOCALLY_EDITED=1\n",
+        "a refused unseal must not touch the existing file"
+    );
 
     // --force explicitly opts into the overwrite.
     nrg(dir.path())
Diff in /Users/inou/dev/rust/nrgize-rs/tests/secrets_age.rs:442:
         .assert()
         .success();
     let contents = fs::read_to_string(dir.path().join(".env")).unwrap();
-    assert_eq!(contents, "ORIGINAL=1\n", "--force must overwrite with the sealed contents");
+    assert_eq!(
+        contents, "ORIGINAL=1\n",
+        "--force must overwrite with the sealed contents"
+    );
 }
 
 #[test]
Diff in /Users/inou/dev/rust/nrgize-rs/tests/secrets_age.rs:454:
         return;
     }
     let dir = tempfile::tempdir().unwrap();
-    nrg(dir.path()).arg("secrets").arg("init").assert().success();
+    nrg(dir.path())
+        .arg("secrets")
+        .arg("init")
+        .assert()
+        .success();
 
     let secret = "stdin-piped-secret-value";
     let out = nrg(dir.path())
Diff in /Users/inou/dev/rust/nrgize-rs/tests/secrets_age.rs:466:
         .get_output()
         .clone();
     let token = String::from_utf8_lossy(&out.stdout).trim().to_string();
-    assert!(token.starts_with("ENC[") && token.ends_with(']'), "bad token framing: {token}");
+    assert!(
+        token.starts_with("ENC[") && token.ends_with(']'),
+        "bad token framing: {token}"
+    );
 
     // Decrypt, also via stdin, and confirm the round trip — including that a trailing newline
     // (the shape a real pipe/heredoc produces) is stripped, not embedded into the ciphertext.
Diff in /Users/inou/dev/rust/nrgize-rs/tests/secrets_age.rs:479:
         .get_output()
         .clone();
     let decrypted = String::from_utf8_lossy(&out.stdout).trim().to_string();
-    assert_eq!(decrypted, secret, "stdin-sourced encrypt/decrypt must round-trip correctly");
+    assert_eq!(
+        decrypted, secret,
+        "stdin-sourced encrypt/decrypt must round-trip correctly"
+    );
 }
 
 #[test]
Diff in /Users/inou/dev/rust/nrgize-rs/tests/secrets_age.rs:489:
         return;
     }
     let dir = tempfile::tempdir().unwrap();
-    nrg(dir.path()).arg("secrets").arg("init").assert().success();
+    nrg(dir.path())
+        .arg("secrets")
+        .arg("init")
+        .assert()
+        .success();
 
     nrg(dir.path())
         .arg("secrets")
Diff in /Users/inou/dev/rust/nrgize-rs/tests/secrets_age.rs:511:
         return;
     }
     let dir = tempfile::tempdir().unwrap();
-    nrg(dir.path()).arg("secrets").arg("init").assert().success();
+    nrg(dir.path())
+        .arg("secrets")
+        .arg("init")
+        .assert()
+        .success();
 
     nrg(dir.path())
         .arg("secrets")
Diff in /Users/inou/dev/rust/nrgize-rs/tests/secrets_age.rs:531:
         return;
     }
     let dir = tempfile::tempdir().unwrap();
-    nrg(dir.path()).arg("secrets").arg("init").assert().success();
+    nrg(dir.path())
+        .arg("secrets")
+        .arg("init")
+        .assert()
+        .success();
 
     fs::write(dir.path().join(".env"), "REAL=1\n").unwrap();
-    nrg(dir.path()).arg("secrets").arg("seal").arg(".env").assert().success();
+    nrg(dir.path())
+        .arg("secrets")
+        .arg("seal")
+        .arg(".env")
+        .assert()
+        .success();
 
     // Corrupt the sealed file's bytes after the fact (a truncated copy, a bit-flipped transfer,
     // etc.) — still a well-formed FILE, just not valid age ciphertext.
Diff in /Users/inou/dev/rust/nrgize-rs/tests/setup.rs:57:
     let bin = tempfile::tempdir().unwrap();
     let log = bin.path().join("ssh_argv.log");
     fake_ssh_bin(bin.path(), &log);
-    let path = format!("{}:{}", bin.path().display(), std::env::var("PATH").unwrap());
+    let path = format!(
+        "{}:{}",
+        bin.path().display(),
+        std::env::var("PATH").unwrap()
+    );
     (bin, log, path)
 }
 
Diff in /Users/inou/dev/rust/nrgize-rs/tests/setup.rs:123:
 
     let invoked = fs::read_to_string(&log).unwrap();
     assert!(
-        !invoked.contains("get.docker.com") && !invoked.contains("network create") && !invoked.contains("pull"),
+        !invoked.contains("get.docker.com")
+            && !invoked.contains("network create")
+            && !invoked.contains("pull"),
         "without --yes, nothing beyond the preflight probe must run: {invoked}"
     );
 }
Diff in /Users/inou/dev/rust/nrgize-rs/tests/setup.rs:172:
         .unwrap()
         .current_dir(dir.path())
         .env("PATH", &path)
-        .args(["setup", "--host", "installfailhost", "--yes", "--network", "mynet"])
+        .args([
+            "setup",
+            "--host",
+            "installfailhost",
+            "--yes",
+            "--network",
+            "mynet",
+        ])
         .assert()
         .failure()
         .stderr(predicates::str::contains("Unable to install"));
Diff in /Users/inou/dev/rust/nrgize-rs/tests/setup.rs:196:
         .args(["setup", "--host", "web1", "--network", "mynet"])
         .assert()
         .success()
-        .stdout(predicates::str::contains("container runtime already present"));
+        .stdout(predicates::str::contains(
+            "container runtime already present",
+        ));
 
     let invoked = fs::read_to_string(&log).unwrap();
     assert!(invoked.contains("network create 'mynet'"), "got: {invoked}");
Diff in /Users/inou/dev/rust/nrgize-rs/tests/shell_injection.rs:33:
     // Exit code is irrelevant here (aws/docker are almost certainly not installed in the test
     // environment, so the real login/exec calls fail with "command not found" — that's fine,
     // and expected); only whether the injected statement ran is under test.
-    let _ = Command::cargo_bin("nrg").unwrap().current_dir(dir).arg("exec").output();
+    let _ = Command::cargo_bin("nrg")
+        .unwrap()
+        .current_dir(dir)
+        .arg("exec")
+        .output();
 }
 
 /// R1 — `ecr_login`'s account-auto-detect branch used to splice `cfg.region` RAW inside an
Diff in /Users/inou/dev/rust/nrgize-rs/tests/ssh_alias_passthrough.rs:24:
 /// Write a fake `ssh` executable to `<dir>/ssh` that appends each of its own args, one per line,
 /// to `log_path`, then exits 0 — standing in for a real network connection.
 fn fake_ssh_bin(dir: &Path, log_path: &Path) {
-    let script = format!("#!/bin/sh\nfor a in \"$@\"; do printf '%s\\n' \"$a\" >> {log_path:?}; done\nexit 0\n");
+    let script = format!(
+        "#!/bin/sh\nfor a in \"$@\"; do printf '%s\\n' \"$a\" >> {log_path:?}; done\nexit 0\n"
+    );
     let bin = dir.join("ssh");
     fs::write(&bin, script).unwrap();
     #[cfg(unix)]
Diff in /Users/inou/dev/rust/nrgize-rs/tests/ssh_alias_passthrough.rs:48:
 }
 
 fn logged_args(log_path: &Path) -> Vec<String> {
-    fs::read_to_string(log_path).unwrap_or_default().lines().map(|s| s.to_string()).collect()
+    fs::read_to_string(log_path)
+        .unwrap_or_default()
+        .lines()
+        .map(|s| s.to_string())
+        .collect()
 }
 
 fn assert_alias_passed_through(args: &[String], alias: &str) {
Diff in /Users/inou/dev/rust/nrgize-rs/tests/ssh_alias_passthrough.rs:57:
         "ssh must be invoked with the ORIGINAL alias {alias:?}, not a resolved hostname: {args:?}"
     );
     assert!(
-        !args.iter().any(|a| a.contains("resolved-instead.example") || a.contains("configuser")),
+        !args
+            .iter()
+            .any(|a| a.contains("resolved-instead.example") || a.contains("configuser")),
         "must NOT connect to the hand-resolved HostName/User — ssh itself resolves the alias \
          (that's the whole point of R9): {args:?}"
     );
Diff in /Users/inou/dev/rust/nrgize-rs/tests/ssh_alias_passthrough.rs:72:
     fake_ssh_bin(bin.path(), &log);
     write_ssh_config(home.path(), "myalias");
 
-    let path = format!("{}:{}", bin.path().display(), std::env::var("PATH").unwrap());
+    let path = format!(
+        "{}:{}",
+        bin.path().display(),
+        std::env::var("PATH").unwrap()
+    );
     Command::cargo_bin("nrg")
         .unwrap()
         .current_dir(project.path())
Diff in /Users/inou/dev/rust/nrgize-rs/tests/ssh_alias_passthrough.rs:95:
     fake_ssh_bin(bin.path(), &log);
     write_ssh_config(home.path(), "myalias");
 
-    let path = format!("{}:{}", bin.path().display(), std::env::var("PATH").unwrap());
+    let path = format!(
+        "{}:{}",
+        bin.path().display(),
+        std::env::var("PATH").unwrap()
+    );
     Command::cargo_bin("nrg")
         .unwrap()
         .current_dir(project.path())
Diff in /Users/inou/dev/rust/nrgize-rs/tests/ssh_alias_passthrough.rs:118:
     fake_ssh_bin(bin.path(), &log);
     write_ssh_config(home.path(), "myalias");
 
-    let path = format!("{}:{}", bin.path().display(), std::env::var("PATH").unwrap());
+    let path = format!(
+        "{}:{}",
+        bin.path().display(),
+        std::env::var("PATH").unwrap()
+    );
     Command::cargo_bin("nrg")
         .unwrap()
         .current_dir(project.path())
Diff in /Users/inou/dev/rust/nrgize-rs/tests/ssh_option_injection.rs:32:
     let bin = tempfile::tempdir().unwrap();
     let log = bin.path().join("ssh_argv.log");
     fake_ssh_bin(bin.path(), &log);
-    let path = format!("{}:{}", bin.path().display(), std::env::var("PATH").unwrap());
+    let path = format!(
+        "{}:{}",
+        bin.path().display(),
+        std::env::var("PATH").unwrap()
+    );
 
     // `--` gets an option-shaped host past clap's own positional-arg parsing, reaching
     // execute()'s explicit guard — the scenario the guard exists to defend against.
Diff in /Users/inou/dev/rust/nrgize-rs/tests/ssh_option_injection.rs:42:
         .args(["ssh", "--", "-oProxyCommand=touch /tmp/pwned"])
         .assert()
         .failure()
-        .stderr(predicates::str::contains("refusing to connect to a host that looks like an option"));
+        .stderr(predicates::str::contains(
+            "refusing to connect to a host that looks like an option",
+        ));
 
     assert!(
         !log.exists(),
Diff in /Users/inou/dev/rust/nrgize-rs/tests/ssh_option_injection.rs:58:
     let bin = tempfile::tempdir().unwrap();
     let log = bin.path().join("ssh_argv.log");
     fake_ssh_bin(bin.path(), &log);
-    let path = format!("{}:{}", bin.path().display(), std::env::var("PATH").unwrap());
+    let path = format!(
+        "{}:{}",
+        bin.path().display(),
+        std::env::var("PATH").unwrap()
+    );
 
     Command::cargo_bin("nrg")
         .unwrap()
Diff in /Users/inou/dev/rust/nrgize-rs/tests/ssh_option_injection.rs:68:
         .failure()
         .stderr(predicates::str::contains("refusing to connect"));
 
-    assert!(!log.exists(), "real ssh must never be invoked for a dash-prefixed host");
+    assert!(
+        !log.exists(),
+        "real ssh must never be invoked for a dash-prefixed host"
+    );
 }
 
Diff in /Users/inou/dev/rust/nrgize-rs/tests/status.rs:21:
 #[test]
 fn status_reports_recorded_service_offline() {
     let dir = project_with_state(SEED_SCRIPT);
-    Command::cargo_bin("nrg").unwrap().current_dir(dir.path()).arg("exec").assert().success();
+    Command::cargo_bin("nrg")
+        .unwrap()
+        .current_dir(dir.path())
+        .arg("exec")
+        .assert()
+        .success();
 
     Command::cargo_bin("nrg")
         .unwrap()
Diff in /Users/inou/dev/rust/nrgize-rs/tests/status.rs:41:
     let dir = project_with_state(&format!(
         "{SEED_SCRIPT}\nstate_set(\"worker.version\", \"v7\");"
     ));
-    Command::cargo_bin("nrg").unwrap().current_dir(dir.path()).arg("exec").assert().success();
+    Command::cargo_bin("nrg")
+        .unwrap()
+        .current_dir(dir.path())
+        .arg("exec")
+        .assert()
+        .success();
 
     Command::cargo_bin("nrg")
         .unwrap()
Diff in /Users/inou/dev/rust/nrgize-rs/tests/status.rs:71:
 #[test]
 fn status_on_unknown_service_shows_no_deploy_recorded() {
     let dir = project_with_state(SEED_SCRIPT);
-    Command::cargo_bin("nrg").unwrap().current_dir(dir.path()).arg("exec").assert().success();
+    Command::cargo_bin("nrg")
+        .unwrap()
+        .current_dir(dir.path())
+        .arg("exec")
+        .assert()
+        .success();
 
     Command::cargo_bin("nrg")
         .unwrap()
Diff in /Users/inou/dev/rust/nrgize-rs/tests/subdir.rs:19:
     let root = dir.path();
     fs::create_dir_all(root.join(".energize")).unwrap();
     // Project-level secret file at the ROOT (not the subdir).
-    fs::write(root.join(".energize/secrets"), "API_TOKEN=rootsecretvalue\n").unwrap();
+    fs::write(
+        root.join(".energize/secrets"),
+        "API_TOKEN=rootsecretvalue\n",
+    )
+    .unwrap();
     // The orchestration file lives at the root and reveals the secret onto a captured file.
     let captured = root.join("captured.txt");
     fs::write(
Diff in /Users/inou/dev/rust/nrgize-rs/tests/subdir.rs:45:
 
     // The secret was found (resolved against the root) and delivered to the command.
     let got = fs::read_to_string(&captured).unwrap();
-    assert_eq!(got, "rootsecretvalue", "secret must resolve against the project root, not CWD");
+    assert_eq!(
+        got, "rootsecretvalue",
+        "secret must resolve against the project root, not CWD"
+    );
 }
 
 #[test]
Diff in /Users/inou/dev/rust/nrgize-rs/tests/subdir.rs:131:
     let sub = root.join("services/web");
     fs::create_dir_all(&sub).unwrap();
     fs::create_dir_all(root.join(".energize")).unwrap();
-    fs::write(root.join(".energize/secrets"), "API_TOKEN=rootsecretvalue\n").unwrap();
+    fs::write(
+        root.join(".energize/secrets"),
+        "API_TOKEN=rootsecretvalue\n",
+    )
+    .unwrap();
     chmod(&root.join(".energize/secrets"), 0o664);
     let captured = root.join("captured.txt");
     fs::write(
Diff in /Users/inou/dev/rust/nrgize-rs/tests/transaction.rs:33:
         .stderr(predicates::str::contains("deploy failed on host 3"));
 
     // The compensation ran: the rollback marker file exists.
-    assert!(marker.exists(), "rollback compensation should have executed");
+    assert!(
+        marker.exists(),
+        "rollback compensation should have executed"
+    );
 }
 
